Domain,Kingdom,Phylum,Class,Order,Family,Genus,Species,ASV,Total,Percent,Prevalence
d__Bacteria,k__norank_d__Bacteria,p__Pseudomonadota,c__Gammaproteobacteria,o__Pseudomonadales,f__Moraxellaceae,g__Acinetobacter,s__unclassified_g__Acinetobacter,ASV8,15760,0.03555,1
d__Bacteria,k__norank_d__Bacteria,p__Pseudomonadota,c__Alphaproteobacteria,o__Hyphomicrobiales,f__Xanthobacteraceae,g__Bradyrhizobium,s__unclassified_g__Bradyrhizobium,ASV100,2408,0.00543,0.75
d__Bacteria,k__norank_d__Bacteria,p__Pseudomonadota,c__Alphaproteobacteria,o__Sphingomonadales,f__Sphingomonadaceae,g__Sphingomonas,s__unclassified_g__Sphingomonas,ASV1,103434,0.23331,1
d__Bacteria,k__norank_d__Bacteria,p__Pseudomonadota,c__Gammaproteobacteria,o__Burkholderiales,f__Burkholderiaceae,g__Burkholderia-Caballeronia-Paraburkholderia,s__unclassified_g__Burkholderia-Caballeronia-Paraburkholderia,ASV13,4819,0.01087,0.91667
d__Bacteria,k__norank_d__Bacteria,p__Pseudomonadota,c__Gammaproteobacteria,o__Pseudomonadales,f__Pseudomonadaceae,g__Pseudomonas,s__unclassified_g__Pseudomonas,ASV52,2523,0.00569,0.66667
d__Bacteria,k__norank_d__Bacteria,p__Actinomycetota,c__Actinobacteria,o__Mycobacteriales,f__Corynebacteriaceae,g__Corynebacterium,s__unclassified_g__Corynebacterium,ASV11,7451,0.01681,1
d__Bacteria,k__norank_d__Bacteria,p__Pseudomonadota,c__Gammaproteobacteria,o__Pseudomonadales,f__Moraxellaceae,g__Acinetobacter,s__unclassified_g__Acinetobacter,ASV386,2400,0.00541,0.25
d__Bacteria,k__norank_d__Bacteria,p__Pseudomonadota,c__Gammaproteobacteria,o__Burkholderiales,f__Burkholderiaceae,g__Burkholderia-Caballeronia-Paraburkholderia,s__unclassified_g__Burkholderia-Caballeronia-Paraburkholderia,ASV4,31285,0.07057,1
d__Bacteria,k__norank_d__Bacteria,p__Pseudomonadota,c__Gammaproteobacteria,o__Burkholderiales,f__Comamonadaceae,g__Aquabacterium,s__unclassified_g__Aquabacterium,ASV10,3565,0.00804,0.75
d__Bacteria,k__norank_d__Bacteria,p__Pseudomonadota,c__Gammaproteobacteria,o__Pseudomonadales,f__Moraxellaceae,g__Acinetobacter,s__unclassified_g__Acinetobacter,ASV464,1172,0.00264,0.33333
d__Bacteria,k__norank_d__Bacteria,p__Pseudomonadota,c__Alphaproteobacteria,o__Hyphomicrobiales,f__Beijerinckiaceae,g__Methylobacterium,s__unclassified_g__Methylobacterium,ASV5,18501,0.04173,1
d__Bacteria,k__norank_d__Bacteria,p__Pseudomonadota,c__Alphaproteobacteria,o__Hyphomicrobiales,f__Beijerinckiaceae,g__Methylobacterium,s__unclassified_g__Methylobacterium,ASV2,57890,0.13058,1
d__Bacteria,k__norank_d__Bacteria,p__Actinomycetota,c__Actinobacteria,o__Micrococcales,f__Cellulomonadaceae,g__Actinotalea,s__unclassified_g__Actinotalea,ASV191,1904,0.00429,0.08333
d__Bacteria,k__norank_d__Bacteria,p__Bacteroidota,c__Bacteroidia,o__Cytophagales,f__Cyclobacteriaceae,g__norank_f__Cyclobacteriaceae,s__uncultured_Sphingobacteriales_bacterium_f__Cyclobacteriaceae,ASV192,1229,0.00277,0.08333
d__Bacteria,k__norank_d__Bacteria,p__Pseudomonadota,c__Gammaproteobacteria,o__Pseudomonadales,f__Moraxellaceae,g__Acinetobacter,s__unclassified_g__Acinetobacter,ASV83,6685,0.01508,0.75
d__Bacteria,k__norank_d__Bacteria,p__Pseudomonadota,c__Alphaproteobacteria,o__Sphingomonadales,f__Sphingomonadaceae,g__Sphingomonas,s__unclassified_g__Sphingomonas,ASV22,3153,0.00711,0.91667
d__Bacteria,k__norank_d__Bacteria,p__Pseudomonadota,c__Alphaproteobacteria,o__Sphingomonadales,f__Sphingomonadaceae,g__Sphingomonas,s__unclassified_g__Sphingomonas,ASV28,1402,0.00316,0.75
d__Bacteria,k__norank_d__Bacteria,p__Pseudomonadota,c__Gammaproteobacteria,o__Pseudomonadales,f__Pseudomonadaceae,g__Pseudomonas,s__unclassified_g__Pseudomonas,ASV7,1095,0.00247,0.08333
d__Bacteria,k__norank_d__Bacteria,p__Bacillota,c__Bacilli,o__Staphylococcales,f__Staphylococcaceae,g__Staphylococcus,s__unclassified_g__Staphylococcus,ASV130,783,0.00177,0.5
d__Bacteria,k__norank_d__Bacteria,p__Pseudomonadota,c__Gammaproteobacteria,o__Enterobacterales,f__Enterobacteriaceae,g__Escherichia-Shigella,s__unclassified_g__Escherichia-Shigella,ASV18,664,0.0015,0.33333
d__Bacteria,k__norank_d__Bacteria,p__Pseudomonadota,c__Gammaproteobacteria,o__Gammaproteobacteria_,f__norank_o__Gammaproteobacteria_,g__norank_o__Gammaproteobacteria_,s__uncultured_soil_bacterium_o__Gammaproteobacteria_,ASV463,548,0.00124,0.16667
d__Bacteria,k__norank_d__Bacteria,p__Pseudomonadota,c__Alphaproteobacteria,o__Caulobacterales,f__Caulobacteraceae,g__Brevundimonas,s__unclassified_g__Brevundimonas,ASV264,583,0.00132,0.41667
d__Bacteria,k__norank_d__Bacteria,p__Cyanobacteriota,c__Cyanobacteriia,o__Chloroplast,f__norank_o__Chloroplast,g__norank_o__Chloroplast,s__unclassified_g__norank_o__Chloroplast,ASV708,426,0.00096,0.08333
d__Bacteria,k__norank_d__Bacteria,p__Actinomycetota,c__Actinobacteria,o__Micrococcales,f__Micrococcaceae,g__unclassified_f__Micrococcaceae,s__unclassified_f__Micrococcaceae,ASV709,371,0.00084,0.08333
d__Bacteria,k__norank_d__Bacteria,p__Pseudomonadota,c__Alphaproteobacteria,o__Hyphomicrobiales,f__Rhizobiaceae,g__Phyllobacterium,s__unclassified_g__Phyllobacterium,ASV37,342,0.00077,0.33333
d__Bacteria,k__norank_d__Bacteria,p__Cyanobacteriota,c__Cyanobacteriia,o__Cyanobacteriales,f__Chroococcidiopsaceae,g__Chroococcidiopsis_SAG_2023,s__uncultured_bacterium_g__Chroococcidiopsis_SAG_2023,ASV468,318,0.00072,0.08333
d__Bacteria,k__norank_d__Bacteria,p__Bacillota,c__Clostridia,o__Lachnospirales,f__Lachnospiraceae,g__Roseburia,s__uncultured_bacterium_g__Roseburia,ASV469,299,0.00067,0.08333
d__Bacteria,k__norank_d__Bacteria,p__Bacteroidota,c__Bacteroidia,o__Cytophagales,f__Spirosomataceae,g__Spirosoma,s__uncultured_bacterium_g__Spirosoma,ASV557,248,0.00056,0.08333
d__Bacteria,k__norank_d__Bacteria,p__Pseudomonadota,c__Gammaproteobacteria,o__unclassified_c__Gammaproteobacteria,f__unclassified_c__Gammaproteobacteria,g__unclassified_c__Gammaproteobacteria,s__unclassified_c__Gammaproteobacteria,ASV556,250,0.00056,0.08333
d__Bacteria,k__norank_d__Bacteria,p__Pseudomonadota,c__Gammaproteobacteria,o__Pseudomonadales,f__Pseudomonadaceae,g__Pseudomonas,s__unclassified_g__Pseudomonas,ASV412,224,0.00051,0.16667
d__Bacteria,k__norank_d__Bacteria,p__Pseudomonadota,c__Gammaproteobacteria,o__Pseudomonadales,f__Moraxellaceae,g__Acinetobacter,s__unclassified_g__Acinetobacter,ASV716,209,0.00047,0.08333
d__Bacteria,k__norank_d__Bacteria,p__Pseudomonadota,c__Gammaproteobacteria,o__Enterobacterales,f__Yersiniaceae,g__Rouxiella,s__unclassified_g__Rouxiella,ASV23,187,0.00042,0.08333
d__Bacteria,k__norank_d__Bacteria,p__Pseudomonadota,c__Alphaproteobacteria,o__Rhodobacterales,f__Paracoccaceae,g__Rubellimicrobium,s__uncultured_bacterium_g__Rubellimicrobium,ASV718,211,0.00048,0.08333
d__Bacteria,k__norank_d__Bacteria,p__Pseudomonadota,c__Alphaproteobacteria,o__Sphingomonadales,f__Sphingomonadaceae,g__Sphingomonas,s__unclassified_g__Sphingomonas,ASV680,141,0.00032,0.08333
d__Bacteria,k__norank_d__Bacteria,p__Pseudomonadota,c__Gammaproteobacteria,o__Pseudomonadales,f__Moraxellaceae,g__Acinetobacter,s__unclassified_g__Acinetobacter,ASV568,158,0.00036,0.08333
d__Bacteria,k__norank_d__Bacteria,p__Bacillota,c__Bacilli,o__Lactobacillales,f__Lactobacillaceae,g__Lacticaseibacillus,s__Lactobacillus_camelliae,ASV30,140,0.00032,0.08333
d__Bacteria,k__norank_d__Bacteria,p__Pseudomonadota,c__Gammaproteobacteria,o__Burkholderiales,f__Comamonadaceae,g__Aquabacterium,s__unclassified_g__Aquabacterium,ASV723,150,0.00034,0.08333
d__Bacteria,k__norank_d__Bacteria,p__Pseudomonadota,c__Gammaproteobacteria,o__Burkholderiales,f__unclassified_o__Burkholderiales,g__unclassified_o__Burkholderiales,s__unclassified_o__Burkholderiales,ASV119,134,0.0003,0.08333
d__Bacteria,k__norank_d__Bacteria,p__Pseudomonadota,c__Gammaproteobacteria,o__Pseudomonadales,f__Moraxellaceae,g__Acinetobacter,s__unclassified_g__Acinetobacter,ASV12,1111,0.00251,0.25
d__Bacteria,k__norank_d__Bacteria,p__Actinomycetota,c__Actinobacteria,o__Micrococcales,f__Dermabacteraceae,g__Brachybacterium,s__unclassified_g__Brachybacterium,ASV536,729,0.00164,0.33333
d__Bacteria,k__norank_d__Bacteria,p__Bacteroidota,c__Bacteroidia,o__Cytophagales,f__Hymenobacteraceae,g__Hymenobacter,s__unclassified_g__Hymenobacter,ASV748,427,0.00096,0.08333
d__Bacteria,k__norank_d__Bacteria,p__Pseudomonadota,c__Alphaproteobacteria,o__Caulobacterales,f__Caulobacteraceae,g__Phenylobacterium,s__unclassified_g__Phenylobacterium,ASV204,202,0.00046,0.08333
d__Bacteria,k__norank_d__Bacteria,p__Deinococcota,c__Deinococci,o__Deinococcales,f__Deinococcaceae,g__Deinococcus,s__unclassified_g__Deinococcus,ASV209,200,0.00045,0.08333
d__Bacteria,k__norank_d__Bacteria,p__Pseudomonadota,c__Alphaproteobacteria,o__Caulobacterales,f__Caulobacteraceae,g__Brevundimonas,s__unclassified_g__Brevundimonas,ASV653,200,0.00045,0.08333
d__Bacteria,k__norank_d__Bacteria,p__Pseudomonadota,c__Gammaproteobacteria,o__Burkholderiales,f__Comamonadaceae,g__unclassified_f__Comamonadaceae,s__unclassified_f__Comamonadaceae,ASV216,158,0.00036,0.08333
d__Bacteria,k__norank_d__Bacteria,p__Bacteroidota,c__Bacteroidia,o__Bacteroidales,f__Prevotellaceae,g__Prevotella,s__unclassified_g__Prevotella,ASV109,172,0.00039,0.08333
d__Bacteria,k__norank_d__Bacteria,p__Deinococcota,c__Deinococci,o__Deinococcales,f__Deinococcaceae,g__Deinococcus,s__Deinococcus_antarcticus,ASV481,138,0.00031,0.08333
d__Bacteria,k__norank_d__Bacteria,p__Bacteroidota,c__Bacteroidia,o__Flavobacteriales,f__Flavobacteriaceae,g__Capnocytophaga,s__Capnocytophaga_leadbetteri,ASV85,778,0.00175,0.08333
d__Bacteria,k__norank_d__Bacteria,p__Pseudomonadota,c__Gammaproteobacteria,o__Pseudomonadales,f__Moraxellaceae,g__Acinetobacter,s__unclassified_g__Acinetobacter,ASV20,539,0.00122,0.16667
d__Bacteria,k__norank_d__Bacteria,p__Myxococcota,c__Polyangiia,o__Polyangiales,f__BIrii41,g__norank_f__BIrii41,s__unclassified_g__norank_f__BIrii41,ASV200,450,0.00102,0.08333
d__Bacteria,k__norank_d__Bacteria,p__Pseudomonadota,c__Alphaproteobacteria,o__Rhodobacterales,f__Paracoccaceae,g__Gemmobacter,s__unclassified_g__Gemmobacter,ASV380,453,0.00102,0.33333
d__Bacteria,k__norank_d__Bacteria,p__Myxococcota,c__Myxococcia,o__Myxococcales,f__Myxococcaceae,g__unclassified_f__Myxococcaceae,s__unclassified_f__Myxococcaceae,ASV646,410,0.00092,0.08333
d__Bacteria,k__norank_d__Bacteria,p__Actinomycetota,c__Actinobacteria,o__Mycobacteriales,f__Corynebacteriaceae,g__Corynebacterium,s__unclassified_g__Corynebacterium,ASV549,304,0.00069,0.16667
d__Bacteria,k__norank_d__Bacteria,p__Pseudomonadota,c__Gammaproteobacteria,o__Pseudomonadales,f__Moraxellaceae,g__Acinetobacter,s__unclassified_g__Acinetobacter,ASV141,265,0.0006,0.25
d__Bacteria,k__norank_d__Bacteria,p__Verrucomicrobiota,c__Verrucomicrobiia,o__Chthoniobacterales,f__Chthoniobacteraceae,g__Chthoniobacter,s__uncultured_bacterium_g__Chthoniobacter,ASV205,214,0.00048,0.08333
d__Bacteria,k__norank_d__Bacteria,p__Bacillota,c__Bacilli,o__Lactobacillales,f__Enterococcaceae,g__Enterococcus,s__unclassified_g__Enterococcus,ASV675,191,0.00043,0.08333
d__Bacteria,k__norank_d__Bacteria,p__Bacteroidota,c__Bacteroidia,o__Flavobacteriales,f__Weeksellaceae,g__Cloacibacterium,s__unclassified_g__Cloacibacterium,ASV323,164,0.00037,0.16667
d__Bacteria,k__norank_d__Bacteria,p__Pseudomonadota,c__Gammaproteobacteria,o__Burkholderiales,f__Neisseriaceae,g__Neisseria,s__Neisseria_perflava,ASV480,156,0.00035,0.08333
d__Bacteria,k__norank_d__Bacteria,p__Cyanobacteriota,c__Sericytochromatia,o__norank_c__Sericytochromatia,f__norank_c__Sericytochromatia,g__norank_c__Sericytochromatia,s__uncultured_Bacillales_bacterium_c__Sericytochromatia,ASV47,141,0.00032,0.16667
d__Bacteria,k__norank_d__Bacteria,p__Pseudomonadota,c__Alphaproteobacteria,o__Caulobacterales,f__Caulobacteraceae,g__Caulobacter,s__unclassified_g__Caulobacter,ASV572,131,0.0003,0.08333
d__Bacteria,k__norank_d__Bacteria,p__Pseudomonadota,c__Alphaproteobacteria,o__Sphingomonadales,f__Sphingomonadaceae,g__Sphingomonas,s__unclassified_g__Sphingomonas,ASV33,133,0.0003,0.08333
d__Bacteria,k__norank_d__Bacteria,p__Bacillota,c__Bacilli,o__Lactobacillales,f__Carnobacteriaceae,g__Granulicatella,s__unclassified_g__Granulicatella,ASV461,900,0.00203,0.08333
d__Bacteria,k__norank_d__Bacteria,p__Pseudomonadota,c__Gammaproteobacteria,o__Burkholderiales,f__Burkholderiaceae,g__Lautropia,s__unclassified_g__Lautropia,ASV84,873,0.00197,0.08333
d__Bacteria,k__norank_d__Bacteria,p__Bacillota,c__Bacilli,o__Bacillales,f__Planococcaceae,g__Domibacillus,s__unclassified_g__Domibacillus,ASV63,426,0.00096,0.25
d__Bacteria,k__norank_d__Bacteria,p__Pseudomonadota,c__Gammaproteobacteria,o__Burkholderiales,f__Oxalobacteraceae,g__Duganella,s__unclassified_g__Duganella,ASV466,332,0.00075,0.08333
d__Bacteria,k__norank_d__Bacteria,p__Bacillota,c__Bacilli,o__Staphylococcales,f__Staphylococcaceae,g__Staphylococcus,s__unclassified_g__Staphylococcus,ASV103,326,0.00074,0.25
d__Bacteria,k__norank_d__Bacteria,p__Bacteroidota,c__Bacteroidia,o__Cytophagales,f__Hymenobacteraceae,g__Hymenobacter,s__unclassified_g__Hymenobacter,ASV649,307,0.00069,0.08333
d__Bacteria,k__norank_d__Bacteria,p__Fibrobacterota,c__Chitinivibrionia,o__norank_c__Chitinivibrionia,f__norank_c__Chitinivibrionia,g__norank_c__Chitinivibrionia,s__metagenome_c__Chitinivibrionia,ASV92,271,0.00061,0.08333
d__Bacteria,k__norank_d__Bacteria,p__Cyanobacteriota,c__Vampirivibrionia,o__Caenarcaniphilales,f__norank_o__Caenarcaniphilales,g__norank_o__Caenarcaniphilales,s__uncultured_bacterium_o__Caenarcaniphilales,ASV474,231,0.00052,0.08333
d__Bacteria,k__norank_d__Bacteria,p__Pseudomonadota,c__Alphaproteobacteria,o__Caulobacterales,f__Caulobacteraceae,g__Brevundimonas,s__unclassified_g__Brevundimonas,ASV605,197,0.00044,0.16667
d__Bacteria,k__norank_d__Bacteria,p__Bacillota,c__Bacilli,o__Lactobacillales,f__Streptococcaceae,g__Streptococcus,s__unclassified_g__Streptococcus,ASV106,177,0.0004,0.08333
d__Bacteria,k__norank_d__Bacteria,p__Pseudomonadota,c__Gammaproteobacteria,o__Burkholderiales,f__Comamonadaceae,g__Acidovorax,s__unclassified_g__Acidovorax,ASV50,174,0.00039,0.16667
d__Bacteria,k__norank_d__Bacteria,p__Fusobacteriota,c__Fusobacteriia,o__Fusobacteriales,f__Leptotrichiaceae,g__Pseudoleptotrichia,s__uncultured_bacterium_g__Pseudoleptotrichia,ASV116,146,0.00033,0.08333
d__Bacteria,k__norank_d__Bacteria,p__Pseudomonadota,c__Gammaproteobacteria,o__Pseudomonadales,f__Moraxellaceae,g__Acinetobacter,s__unclassified_g__Acinetobacter,ASV424,1059,0.00239,0.33333
d__Bacteria,k__norank_d__Bacteria,p__Pseudomonadota,c__Gammaproteobacteria,o__Burkholderiales,f__Oxalobacteraceae,g__Herbaspirillum,s__unclassified_g__Herbaspirillum,ASV551,694,0.00157,0.08333
d__Bacteria,k__norank_d__Bacteria,p__Pseudomonadota,c__Alphaproteobacteria,o__Hyphomicrobiales,f__Beijerinckiaceae,g__Methylobacterium,s__unclassified_g__Methylobacterium,ASV150,657,0.00148,0.25
d__Bacteria,k__norank_d__Bacteria,p__Pseudomonadota,c__Alphaproteobacteria,o__Sphingomonadales,f__Sphingomonadaceae,g__unclassified_f__Sphingomonadaceae,s__unclassified_f__Sphingomonadaceae,ASV69,668,0.00151,0.33333
d__Bacteria,k__norank_d__Bacteria,p__Pseudomonadota,c__Gammaproteobacteria,o__Burkholderiales,f__Alcaligenaceae,g__Achromobacter,s__unclassified_g__Achromobacter,ASV46,608,0.00137,0.5
d__Bacteria,k__norank_d__Bacteria,p__Pseudomonadota,c__Alphaproteobacteria,o__Caulobacterales,f__Caulobacteraceae,g__Brevundimonas,s__unclassified_g__Brevundimonas,ASV470,556,0.00125,0.25
d__Bacteria,k__norank_d__Bacteria,p__Actinomycetota,c__Actinobacteria,o__Mycobacteriales,f__Dietziaceae,g__Dietzia,s__Dietzia_maris,ASV199,473,0.00107,0.08333
d__Bacteria,k__norank_d__Bacteria,p__Pseudomonadota,c__Gammaproteobacteria,o__Pseudomonadales,f__Cellvibrionaceae,g__Cellvibrio,s__unclassified_g__Cellvibrio,ASV201,448,0.00101,0.08333
d__Bacteria,k__norank_d__Bacteria,p__Pseudomonadota,c__Alphaproteobacteria,o__Caulobacterales,f__Caulobacteraceae,g__Brevundimonas,s__unclassified_g__Brevundimonas,ASV293,460,0.00104,0.33333
d__Bacteria,k__norank_d__Bacteria,p__Bacteroidota,c__Bacteroidia,o__Chitinophagales,f__Chitinophagaceae,g__Cnuella,s__uncultured_bacterium_g__Cnuella,ASV467,350,0.00079,0.08333
d__Bacteria,k__norank_d__Bacteria,p__Pseudomonadota,c__Gammaproteobacteria,o__Gammaproteobacteria_,f__norank_o__Gammaproteobacteria_,g__Acidibacter,s__unclassified_g__Acidibacter,ASV94,272,0.00061,0.08333
d__Bacteria,k__norank_d__Bacteria,p__Pseudomonadota,c__Alphaproteobacteria,o__Sphingomonadales,f__Sphingomonadaceae,g__Rhizorhabdus,s__unclassified_g__Rhizorhabdus,ASV473,247,0.00056,0.08333
d__Bacteria,k__norank_d__Bacteria,p__Actinomycetota,c__Coriobacteriia,o__Coriobacteriales,f__Atopobiaceae,g__Lancefieldella,s__unclassified_g__Lancefieldella,ASV96,255,0.00058,0.08333
d__Bacteria,k__norank_d__Bacteria,p__Pseudomonadota,c__Gammaproteobacteria,o__Burkholderiales,f__Oxalobacteraceae,g__Noviherbaspirillum,s__unclassified_g__Noviherbaspirillum,ASV211,190,0.00043,0.08333
d__Bacteria,k__norank_d__Bacteria,p__Bacteroidota,c__Bacteroidia,o__Sphingobacteriales,f__Sphingobacteriaceae,g__Sphingobacterium,s__Sphingobacterium_kyonggiense,ASV181,186,0.00042,0.16667
d__Bacteria,k__norank_d__Bacteria,p__Actinomycetota,c__Actinobacteria,o__Micrococcales,f__Cellulomonadaceae,g__unclassified_f__Cellulomonadaceae,s__unclassified_f__Cellulomonadaceae,ASV212,182,0.00041,0.08333
d__Bacteria,k__norank_d__Bacteria,p__Pseudomonadota,c__Alphaproteobacteria,o__Sphingomonadales,f__Sphingomonadaceae,g__Sphingobium,s__uncultured_bacterium_g__Sphingobium,ASV528,189,0.00043,0.08333
d__Bacteria,k__norank_d__Bacteria,p__Actinomycetota,c__Actinobacteria,o__Mycobacteriales,f__Corynebacteriaceae,g__Corynebacterium,s__unclassified_g__Corynebacterium,ASV717,212,0.00048,0.08333
d__Bacteria,k__norank_d__Bacteria,p__Bacillota,c__Clostridia,o__Lachnospirales,f__Lachnospiraceae,g__Lachnospiraceae_NK4A136_group,s__unclassified_g__Lachnospiraceae_NK4A136_group,ASV562,175,0.00039,0.08333
d__Bacteria,k__norank_d__Bacteria,p__Bacillota,c__Bacilli,o__Erysipelotrichales,f__Erysipelatoclostridiaceae,g__Thomasclavelia,s__uncultured_bacterium_g__Thomasclavelia,ASV383,179,0.0004,0.08333
d__Bacteria,k__norank_d__Bacteria,p__Bacillota,c__Bacilli,o__Lactobacillales,f__Lactobacillaceae,g__Ligilactobacillus,s__Lactobacillus_aviarius,ASV756,203,0.00046,0.08333
d__Bacteria,k__norank_d__Bacteria,p__Chloroflexota,c__Chloroflexia,o__Thermomicrobiales,f__JG30-KF-CM45,g__norank_f__JG30-KF-CM45,s__uncultured_bacterium_f__JG30-KF-CM45,ASV679,147,0.00033,0.08333
d__Bacteria,k__norank_d__Bacteria,p__Bacillota,c__Bacilli,o__Bacillales,f__Bacillaceae,g__unclassified_f__Bacillaceae,s__unclassified_f__Bacillaceae,ASV721,177,0.0004,0.08333
d__Bacteria,k__norank_d__Bacteria,p__Pseudomonadota,c__Gammaproteobacteria,o__Pseudomonadales,f__Moraxellaceae,g__Acinetobacter,s__unclassified_g__Acinetobacter,ASV9,2486,0.00561,0.75
d__Bacteria,k__norank_d__Bacteria,p__Pseudomonadota,c__Gammaproteobacteria,o__Pseudomonadales,f__Moraxellaceae,g__Acinetobacter,s__unclassified_g__Acinetobacter,ASV26,2080,0.00469,0.66667
d__Bacteria,k__norank_d__Bacteria,p__Pseudomonadota,c__Gammaproteobacteria,o__Pseudomonadales,f__Pseudomonadaceae,g__Pseudomonas,s__unclassified_g__Pseudomonas,ASV154,335,0.00076,0.16667
d__Bacteria,k__norank_d__Bacteria,p__Pseudomonadota,c__Alphaproteobacteria,o__Hyphomicrobiales,f__Beijerinckiaceae,g__Methylorubrum,s__unclassified_g__Methylorubrum,ASV111,349,0.00079,0.33333
d__Bacteria,k__norank_d__Bacteria,p__Bacillota,c__Bacilli,o__Lactobacillales,f__Lactobacillaceae,g__Ligilactobacillus,s__unclassified_g__Ligilactobacillus,ASV14,285,0.00064,0.08333
d__Bacteria,k__norank_d__Bacteria,p__Pseudomonadota,c__Alphaproteobacteria,o__Caulobacterales,f__Caulobacteraceae,g__Phenylobacterium,s__unclassified_g__Phenylobacterium,ASV210,190,0.00043,0.08333
d__Bacteria,k__norank_d__Bacteria,p__Bacillota,c__Negativicutes,o__Veillonellales-Selenomonadales,f__Veillonellaceae,g__Veillonella,s__Veillonella_sp._oral_taxon_780,ASV107,175,0.00039,0.08333
d__Bacteria,k__norank_d__Bacteria,p__Pseudomonadota,c__Gammaproteobacteria,o__Burkholderiales,f__Burkholderiaceae,g__Burkholderia-Caballeronia-Paraburkholderia,s__unclassified_g__Burkholderia-Caballeronia-Paraburkholderia,ASV117,148,0.00033,0.08333
d__Bacteria,k__norank_d__Bacteria,p__Pseudomonadota,c__Alphaproteobacteria,o__unclassified_c__Alphaproteobacteria,f__unclassified_c__Alphaproteobacteria,g__unclassified_c__Alphaproteobacteria,s__unclassified_c__Alphaproteobacteria,ASV482,148,0.00033,0.08333
d__Bacteria,k__norank_d__Bacteria,p__Pseudomonadota,c__Gammaproteobacteria,o__Burkholderiales,f__Comamonadaceae,g__Aquabacterium,s__unclassified_g__Aquabacterium,ASV21,1897,0.00428,0.83333
d__Bacteria,k__norank_d__Bacteria,p__Pseudomonadota,c__Alphaproteobacteria,o__Caulobacterales,f__Caulobacteraceae,g__Brevundimonas,s__unclassified_g__Brevundimonas,ASV758,153,0.00035,0.08333
d__Bacteria,k__norank_d__Bacteria,p__Pseudomonadota,c__Alphaproteobacteria,o__Caulobacterales,f__Caulobacteraceae,g__Brevundimonas,s__unclassified_g__Brevundimonas,ASV19,1646,0.00371,0.58333
d__Bacteria,k__norank_d__Bacteria,p__Pseudomonadota,c__Gammaproteobacteria,o__Burkholderiales,f__Comamonadaceae,g__Aquabacterium,s__unclassified_g__Aquabacterium,ASV16,558,0.00126,0.25
d__Bacteria,k__norank_d__Bacteria,p__Pseudomonadota,c__Gammaproteobacteria,o__Burkholderiales,f__Oxalobacteraceae,g__Massilia,s__unclassified_g__Massilia,ASV414,406,0.00092,0.33333
d__Bacteria,k__norank_d__Bacteria,p__Pseudomonadota,c__Gammaproteobacteria,o__Burkholderiales,f__Nitrosomonadaceae,g__MND1,s__unclassified_g__MND1,ASV747,465,0.00105,0.08333
d__Bacteria,k__norank_d__Bacteria,p__Bacillota,c__Bacilli,o__Lactobacillales,f__Streptococcaceae,g__Streptococcus,s__Streptococcus_peroris,ASV93,337,0.00076,0.16667
d__Bacteria,k__norank_d__Bacteria,p__Pseudomonadota,c__Alphaproteobacteria,o__Rhodobacterales,f__Paracoccaceae,g__Paracoccus,s__unclassified_g__Paracoccus,ASV387,347,0.00078,0.25
d__Bacteria,k__norank_d__Bacteria,p__Bacillota,c__Bacilli,o__Lactobacillales,f__Lactobacillaceae,g__Lactobacillus,s__unclassified_g__Lactobacillus,ASV153,284,0.00064,0.16667
d__Bacteria,k__norank_d__Bacteria,p__Pseudomonadota,c__Gammaproteobacteria,o__Burkholderiales,f__Oxalobacteraceae,g__unclassified_f__Oxalobacteraceae,s__unclassified_f__Oxalobacteraceae,ASV650,278,0.00063,0.08333
d__Bacteria,k__norank_d__Bacteria,p__Bacillota,c__Clostridia,o__Lachnospirales,f__Lachnospiraceae,g__Roseburia,s__uncultured_bacterium_g__Roseburia,ASV472,261,0.00059,0.08333
d__Bacteria,k__norank_d__Bacteria,p__Bacillota,c__Negativicutes,o__Veillonellales-Selenomonadales,f__Veillonellaceae,g__Veillonella,s__unclassified_g__Veillonella,ASV97,244,0.00055,0.08333
d__Bacteria,k__norank_d__Bacteria,p__Pseudomonadota,c__Alphaproteobacteria,o__Caulobacterales,f__Caulobacteraceae,g__Brevundimonas,s__unclassified_g__Brevundimonas,ASV138,214,0.00048,0.25
d__Bacteria,k__norank_d__Bacteria,p__Pseudomonadota,c__Gammaproteobacteria,o__Lysobacterales,f__Rhodanobacteraceae,g__norank_f__Rhodanobacteraceae,s__uncultured_soil_bacterium_f__Rhodanobacteraceae,ASV214,177,0.0004,0.08333
d__Bacteria,k__norank_d__Bacteria,p__Pseudomonadota,c__Gammaproteobacteria,o__Burkholderiales,f__Burkholderiaceae,g__Ralstonia,s__unclassified_g__Ralstonia,ASV676,163,0.00037,0.08333
d__Bacteria,k__norank_d__Bacteria,p__Pseudomonadota,c__Gammaproteobacteria,o__Burkholderiales,f__Oxalobacteraceae,g__Herbaspirillum,s__unclassified_g__Herbaspirillum,ASV564,168,0.00038,0.08333
d__Bacteria,k__norank_d__Bacteria,p__Pseudomonadota,c__Alphaproteobacteria,o__Sphingomonadales,f__Sphingomonadaceae,g__unclassified_f__Sphingomonadaceae,s__unclassified_f__Sphingomonadaceae,ASV384,182,0.00041,0.08333
d__Bacteria,k__norank_d__Bacteria,p__Pseudomonadota,c__Gammaproteobacteria,o__Burkholderiales,f__Hydrogenophilaceae,g__Hydrogenophilus,s__unclassified_g__Hydrogenophilus,ASV146,175,0.00039,0.16667
d__Bacteria,k__norank_d__Bacteria,p__Bacillota,c__Clostridia,o__Lachnospirales,f__Lachnospiraceae,g__Catonella,s__unclassified_g__Catonella,ASV388,153,0.00035,0.08333
d__Bacteria,k__norank_d__Bacteria,p__Pseudomonadota,c__Alphaproteobacteria,o__Sphingomonadales,f__Sphingomonadaceae,g__Sphingobium,s__unclassified_g__Sphingobium,ASV655,158,0.00036,0.08333
d__Bacteria,k__norank_d__Bacteria,p__Pseudomonadota,c__Gammaproteobacteria,o__Pseudomonadales,f__Cellvibrionaceae,g__norank_f__Cellvibrionaceae,s__unclassified_g__norank_f__Cellvibrionaceae,ASV221,126,0.00028,0.08333
d__Bacteria,k__norank_d__Bacteria,p__Pseudomonadota,c__Gammaproteobacteria,o__Burkholderiales,f__Oxalobacteraceae,g__Massilia,s__unclassified_g__Massilia,ASV118,146,0.00033,0.08333
d__Bacteria,k__norank_d__Bacteria,p__Pseudomonadota,c__Alphaproteobacteria,o__Sphingomonadales,f__Sphingomonadaceae,g__Sphingomonas,s__unclassified_g__Sphingomonas,ASV757,155,0.00035,0.08333
d__Bacteria,k__norank_d__Bacteria,p__Pseudomonadota,c__Gammaproteobacteria,o__Pseudomonadales,f__Moraxellaceae,g__Acinetobacter,s__unclassified_g__Acinetobacter,ASV6,10875,0.02453,1
d__Bacteria,k__norank_d__Bacteria,p__Pseudomonadota,c__Alphaproteobacteria,o__Caulobacterales,f__Caulobacteraceae,g__Brevundimonas,s__unclassified_g__Brevundimonas,ASV17,5200,0.01173,0.91667
d__Bacteria,k__norank_d__Bacteria,p__Bacillota,c__Bacilli,o__Staphylococcales,f__Staphylococcaceae,g__Staphylococcus,s__unclassified_g__Staphylococcus,ASV402,2138,0.00482,0.66667
d__Bacteria,k__norank_d__Bacteria,p__Bacteroidota,c__Bacteroidia,o__Flavobacteriales,f__Weeksellaceae,g__Chryseobacterium,s__unclassified_g__Chryseobacterium,ASV36,1154,0.0026,0.41667
d__Bacteria,k__norank_d__Bacteria,p__Pseudomonadota,c__Alphaproteobacteria,o__Hyphomicrobiales,f__Beijerinckiaceae,g__Methylobacterium,s__unclassified_g__Methylobacterium,ASV67,889,0.00201,0.66667
d__Bacteria,k__norank_d__Bacteria,p__Pseudomonadota,c__Alphaproteobacteria,o__Hyphomicrobiales,f__Pleomorphomonadaceae,g__norank_f__Pleomorphomonadaceae,s__uncultured_Rhizobiales_bacterium_f__Pleomorphomonadaceae,ASV645,855,0.00193,0.16667
d__Bacteria,k__norank_d__Bacteria,p__Actinomycetota,c__Actinobacteria,o__Micrococcales,f__Micrococcaceae,g__Neomicrococcus,s__unclassified_g__Neomicrococcus,ASV427,656,0.00148,0.33333
d__Bacteria,k__norank_d__Bacteria,p__Pseudomonadota,c__Gammaproteobacteria,o__Pseudomonadales,f__Moraxellaceae,g__Alkanindiges,s__unclassified_g__Alkanindiges,ASV529,659,0.00149,0.25
d__Bacteria,k__norank_d__Bacteria,p__Bacteroidota,c__Bacteroidia,o__Cytophagales,f__Microscillaceae,g__Ohtaekwangia,s__unclassified_g__Ohtaekwangia,ASV202,427,0.00096,0.08333
d__Bacteria,k__norank_d__Bacteria,p__Pseudomonadota,c__Alphaproteobacteria,o__Hyphomicrobiales,f__Beijerinckiaceae,g__Methylobacterium,s__unclassified_g__Methylobacterium,ASV532,504,0.00114,0.16667
d__Bacteria,k__norank_d__Bacteria,p__Pseudomonadota,c__Gammaproteobacteria,o__Pseudomonadales,f__Moraxellaceae,g__Acinetobacter,s__unclassified_g__Acinetobacter,ASV144,450,0.00102,0.25
d__Bacteria,k__norank_d__Bacteria,p__Bacillota,c__Bacilli,o__Bacillales,f__Bacillaceae,g__Sutcliffiella,s__unclassified_g__Sutcliffiella,ASV712,282,0.00064,0.08333
d__Bacteria,k__norank_d__Bacteria,p__Pseudomonadota,c__Gammaproteobacteria,o__Burkholderiales,f__Oxalobacteraceae,g__Massilia,s__unclassified_g__Massilia,ASV487,242,0.00055,0.25
d__Bacteria,k__norank_d__Bacteria,p__Pseudomonadota,c__Alphaproteobacteria,o__Sphingomonadales,f__Sphingomonadaceae,g__Sphingomonas,s__unclassified_g__Sphingomonas,ASV753,245,0.00055,0.08333
d__Bacteria,k__norank_d__Bacteria,p__Bacillota,c__Negativicutes,o__Veillonellales-Selenomonadales,f__Veillonellaceae,g__Veillonella,s__Veillonella_sp._oral_taxon_780,ASV105,179,0.0004,0.08333
d__Bacteria,k__norank_d__Bacteria,p__Pseudomonadota,c__Alphaproteobacteria,o__Hyphomicrobiales,f__Beijerinckiaceae,g__Methylobacterium,s__unclassified_g__Methylobacterium,ASV678,142,0.00032,0.08333
d__Bacteria,k__norank_d__Bacteria,p__Bacillota,c__Clostridia,o__Lachnospirales,f__Lachnospiraceae,g__Blautia,s__unclassified_g__Blautia,ASV385,153,0.00035,0.08333
d__Bacteria,k__norank_d__Bacteria,p__Bacillota,c__Bacilli,o__Lactobacillales,f__Lactobacillaceae,g__Lactobacillus,s__unclassified_g__Lactobacillus,ASV27,157,0.00035,0.08333
d__Bacteria,k__norank_d__Bacteria,p__Bacteroidota,c__Bacteroidia,o__Bacteroidales,f__Prevotellaceae,g__Prevotella,s__Prevotella_histicola,ASV223,111,0.00025,0.08333
d__Bacteria,k__norank_d__Bacteria,p__Pseudomonadota,c__Gammaproteobacteria,o__Pseudomonadales,f__Moraxellaceae,g__Acinetobacter,s__unclassified_g__Acinetobacter,ASV656,147,0.00033,0.08333
d__Bacteria,k__norank_d__Bacteria,p__Pseudomonadota,c__Gammaproteobacteria,o__Burkholderiales,f__Burkholderiaceae,g__Lautropia,s__unclassified_g__Lautropia,ASV81,1997,0.0045,0.08333
d__Bacteria,k__norank_d__Bacteria,p__Pseudomonadota,c__Gammaproteobacteria,o__Pseudomonadales,f__Moraxellaceae,g__Acinetobacter,s__unclassified_g__Acinetobacter,ASV58,1047,0.00236,0.58333
d__Bacteria,k__norank_d__Bacteria,p__Bacillota,c__Bacilli,o__Paenibacillales,f__Paenibacillaceae,g__Paenibacillus,s__unclassified_g__Paenibacillus,ASV430,512,0.00115,0.25
d__Bacteria,k__norank_d__Bacteria,p__Fusobacteriota,c__Fusobacteriia,o__Fusobacteriales,f__Fusobacteriaceae,g__Fusobacterium,s__Fusobacterium_periodonticum,ASV465,352,0.00079,0.08333
d__Bacteria,k__norank_d__Bacteria,p__Pseudomonadota,c__Alphaproteobacteria,o__Hyphomicrobiales,f__Rhizobiaceae,g__Aureimonas,s__unclassified_g__Aureimonas,ASV315,344,0.00078,0.25
d__Bacteria,k__norank_d__Bacteria,p__Pseudomonadota,c__Gammaproteobacteria,o__Burkholderiales,f__Neisseriaceae,g__Neisseria,s__unclassified_g__Neisseria,ASV647,365,0.00082,0.08333
d__Bacteria,k__norank_d__Bacteria,p__Bacillota,c__Bacilli,o__Bacillales,f__Bacillaceae,g__Peribacillus,s__unclassified_g__Peribacillus,ASV710,343,0.00077,0.08333
d__Bacteria,k__norank_d__Bacteria,p__Pseudomonadota,c__Gammaproteobacteria,o__Pseudomonadales,f__Moraxellaceae,g__Acinetobacter,s__unclassified_g__Acinetobacter,ASV749,358,0.00081,0.08333
d__Bacteria,k__norank_d__Bacteria,p__Bacteroidota,c__Bacteroidia,o__Flavobacteriales,f__Flavobacteriaceae,g__Flavobacterium,s__unclassified_g__Flavobacterium,ASV186,245,0.00055,0.33333
d__Bacteria,k__norank_d__Bacteria,p__Pseudomonadota,c__Gammaproteobacteria,o__Pseudomonadales,f__Pseudomonadaceae,g__Pseudomonas,s__unclassified_g__Pseudomonas,ASV713,245,0.00055,0.08333
d__Bacteria,k__norank_d__Bacteria,p__Bacillota,c__Bacilli,o__Bacillales,f__Bacillaceae,g__Priestia,s__unclassified_g__Priestia,ASV714,218,0.00049,0.08333
d__Bacteria,k__norank_d__Bacteria,p__Pseudomonadota,c__Alphaproteobacteria,o__Sphingomonadales,f__Sphingomonadaceae,g__Sphingomonas,s__unclassified_g__Sphingomonas,ASV213,177,0.0004,0.08333
d__Bacteria,k__norank_d__Bacteria,p__Pseudomonadota,c__Alphaproteobacteria,o__Rhodospirillales,f__norank_o__Rhodospirillales,g__norank_o__Rhodospirillales,s__unclassified_g__norank_o__Rhodospirillales,ASV755,217,0.00049,0.08333
d__Bacteria,k__norank_d__Bacteria,p__Pseudomonadota,c__Gammaproteobacteria,o__Pseudomonadales,f__Pseudomonadaceae,g__Pseudomonas,s__unclassified_g__Pseudomonas,ASV677,160,0.00036,0.08333
d__Bacteria,k__norank_d__Bacteria,p__Verrucomicrobiota,c__Verrucomicrobiia,o__Verrucomicrobiales,f__Rubritaleaceae,g__Luteolibacter,s__unclassified_g__Luteolibacter,ASV501,183,0.00041,0.16667
d__Bacteria,k__norank_d__Bacteria,p__Bacillota,c__Bacilli,o__Lactobacillales,f__Lactobacillaceae,g__Loigolactobacillus,s__unclassified_g__Loigolactobacillus,ASV25,173,0.00039,0.08333
d__Bacteria,k__norank_d__Bacteria,p__Bacteroidota,c__Bacteroidia,o__Flavobacteriales,f__Flavobacteriaceae,g__Flavobacterium,s__unclassified_g__Flavobacterium,ASV112,160,0.00036,0.08333
d__Bacteria,k__norank_d__Bacteria,p__Pseudomonadota,c__Gammaproteobacteria,o__Burkholderiales,f__Comamonadaceae,g__Comamonas,s__Comamonas_aquatica,ASV722,168,0.00038,0.08333
d__Bacteria,k__norank_d__Bacteria,p__Actinomycetota,c__Thermoleophilia,o__Solirubrobacterales,f__67-14,g__norank_f__67-14,s__uncultured_soil_bacterium_f__67-14,ASV396,145,0.00033,0.16667
d__Bacteria,k__norank_d__Bacteria,p__Bacteroidota,c__Bacteroidia,o__Bacteroidales,f__Tannerellaceae,g__Tannerella,s__Tannerella_sp._oral_taxon_HOT-286,ASV115,145,0.00033,0.08333
d__Bacteria,k__norank_d__Bacteria,p__Pseudomonadota,c__Gammaproteobacteria,o__Burkholderiales,f__Burkholderiaceae,g__Burkholderia-Caballeronia-Paraburkholderia,s__unclassified_g__Burkholderia-Caballeronia-Paraburkholderia,ASV570,130,0.00029,0.08333
d__Bacteria,k__norank_d__Bacteria,p__Bacillota,c__Bacilli,o__Lactobacillales,f__Lactobacillaceae,g__Lactobacillus,s__unclassified_g__Lactobacillus,ASV32,135,0.0003,0.08333
d__Bacteria,k__norank_d__Bacteria,p__Bacillota,c__Bacilli,o__Mycoplasmatales,f__Mycoplasmataceae,g__Malacoplasma,s__uncultured_Mycoplasma_sp._g__Malacoplasma,ASV3,16751,0.03778,0.83333
d__Bacteria,k__norank_d__Bacteria,p__Pseudomonadota,c__Alphaproteobacteria,o__Acetobacterales,f__Acetobacteraceae,g__Acidisoma,s__uncultured_Alphaproteobacteria_bacterium_g__Acidisoma,ASV31,2826,0.00637,1
d__Bacteria,k__norank_d__Bacteria,p__Bacteroidota,c__Bacteroidia,o__Flavobacteriales,f__Weeksellaceae,g__Chryseobacterium,s__unclassified_g__Chryseobacterium,ASV15,2487,0.00561,0.91667
d__Bacteria,k__norank_d__Bacteria,p__Bacillota,c__Bacilli,o__Lactobacillales,f__Streptococcaceae,g__Streptococcus,s__unclassified_g__Streptococcus,ASV82,1668,0.00376,0.25
d__Bacteria,k__norank_d__Bacteria,p__Chloroflexota,c__Chloroflexia,o__Chloroflexales,f__Herpetosiphonaceae,g__Herpetosiphon,s__uncultured_bacterium_g__Herpetosiphon,ASV197,758,0.00171,0.08333
d__Bacteria,k__norank_d__Bacteria,p__Bacillota,c__Bacilli,o__Bacillales,f__Planococcaceae,g__unclassified_f__Planococcaceae,s__unclassified_f__Planococcaceae,ASV652,658,0.00148,0.16667
d__Bacteria,k__norank_d__Bacteria,p__Pseudomonadota,c__Alphaproteobacteria,o__Caulobacterales,f__Caulobacteraceae,g__norank_f__Caulobacteraceae,s__unclassified_g__norank_f__Caulobacteraceae,ASV113,450,0.00102,0.33333
d__Bacteria,k__norank_d__Bacteria,p__Pseudomonadota,c__Gammaproteobacteria,o__Burkholderiales,f__Oxalobacteraceae,g__Noviherbaspirillum,s__Noviherbaspirillum_malthae,ASV317,243,0.00055,0.16667
d__Bacteria,k__norank_d__Bacteria,p__Pseudomonadota,c__Gammaproteobacteria,o__Lysobacterales,f__Lysobacteraceae,g__Stenotrophomonas,s__unclassified_g__Stenotrophomonas,ASV471,258,0.00058,0.08333
d__Bacteria,k__norank_d__Bacteria,p__Pseudomonadota,c__Alphaproteobacteria,o__Sphingomonadales,f__Sphingomonadaceae,g__unclassified_f__Sphingomonadaceae,s__unclassified_f__Sphingomonadaceae,ASV754,243,0.00055,0.08333
d__Bacteria,k__norank_d__Bacteria,p__Pseudomonadota,c__Gammaproteobacteria,o__Pseudomonadales,f__Moraxellaceae,g__Acinetobacter,s__unclassified_g__Acinetobacter,ASV478,166,0.00037,0.08333
d__Bacteria,k__norank_d__Bacteria,p__Pseudomonadota,c__Alphaproteobacteria,o__Sphingomonadales,f__Sphingomonadaceae,g__Sphingomonas,s__unclassified_g__Sphingomonas,ASV72,146,0.00033,0.16667
d__Bacteria,k__norank_d__Bacteria,p__Pseudomonadota,c__Alphaproteobacteria,o__Sphingomonadales,f__Sphingomonadaceae,g__Sphingomonas,s__unclassified_g__Sphingomonas,ASV220,138,0.00031,0.08333
d__Bacteria,k__norank_d__Bacteria,p__Pseudomonadota,c__unclassified_p__Pseudomonadota,o__unclassified_p__Pseudomonadota,f__unclassified_p__Pseudomonadota,g__unclassified_p__Pseudomonadota,s__unclassified_p__Pseudomonadota,ASV571,132,0.0003,0.08333
d__Bacteria,k__norank_d__Bacteria,p__Bacteroidota,c__Bacteroidia,o__Sphingobacteriales,f__Sphingobacteriaceae,g__Mucilaginibacter,s__Thymallus_thymallus_(grayling)_g__Mucilaginibacter,ASV460,884,0.00199,0.08333
d__Bacteria,k__norank_d__Bacteria,p__Pseudomonadota,c__Gammaproteobacteria,o__Pseudomonadales,f__Moraxellaceae,g__Acinetobacter,s__unclassified_g__Acinetobacter,ASV29,569,0.00128,0.33333
d__Bacteria,k__norank_d__Bacteria,p__Pseudomonadota,c__Alphaproteobacteria,o__Hyphomicrobiales,f__Xanthobacteraceae,g__Tardiphaga,s__unclassified_g__Tardiphaga,ASV137,456,0.00103,0.33333
d__Bacteria,k__norank_d__Bacteria,p__Pseudomonadota,c__Alphaproteobacteria,o__Rhodobacterales,f__Paracoccaceae,g__Paracoccus,s__unclassified_g__Paracoccus,ASV530,381,0.00086,0.16667
d__Bacteria,k__norank_d__Bacteria,p__Pseudomonadota,c__Gammaproteobacteria,o__Pseudomonadales,f__Moraxellaceae,g__Acinetobacter,s__unclassified_g__Acinetobacter,ASV648,350,0.00079,0.08333
d__Bacteria,k__norank_d__Bacteria,p__Pseudomonadota,c__Alphaproteobacteria,o__Caulobacterales,f__Caulobacteraceae,g__Phenylobacterium,s__unclassified_g__Phenylobacterium,ASV206,202,0.00046,0.08333
d__Bacteria,k__norank_d__Bacteria,p__Bacteroidota,c__Bacteroidia,o__Bacteroidales,f__Prevotellaceae,g__Segatella,s__Prevotella_sp._oral_taxon_G60,ASV99,233,0.00053,0.08333
d__Bacteria,k__norank_d__Bacteria,p__Bacteroidota,c__Bacteroidia,o__Bacteroidales,f__Bacteroidaceae,g__Bacteroides,s__unclassified_g__Bacteroides,ASV382,208,0.00047,0.08333
d__Bacteria,k__norank_d__Bacteria,p__Pseudomonadota,c__Alphaproteobacteria,o__Hyphomicrobiales,f__Rhizobiaceae,g__Aureimonas,s__unclassified_g__Aureimonas,ASV561,188,0.00042,0.08333
d__Bacteria,k__norank_d__Bacteria,p__Bacillota,c__Clostridia,o__Lachnospirales,f__Lachnospiraceae,g__unclassified_f__Lachnospiraceae,s__unclassified_f__Lachnospiraceae,ASV102,199,0.00045,0.08333
d__Bacteria,k__norank_d__Bacteria,p__Fusobacteriota,c__Fusobacteriia,o__Fusobacteriales,f__Leptotrichiaceae,g__Leptotrichia,s__unclassified_g__Leptotrichia,ASV104,191,0.00043,0.08333
d__Bacteria,k__norank_d__Bacteria,p__Pseudomonadota,c__Gammaproteobacteria,o__Pseudomonadales,f__Moraxellaceae,g__Acinetobacter,s__unclassified_g__Acinetobacter,ASV45,2362,0.00533,0.83333
d__Bacteria,k__norank_d__Bacteria,p__Pseudomonadota,c__Gammaproteobacteria,o__Burkholderiales,f__Comamonadaceae,g__Roseateles,s__unclassified_g__Roseateles,ASV65,837,0.00189,0.41667
d__Bacteria,k__norank_d__Bacteria,p__Bacillota,c__Bacilli,o__Bacillales,f__Bacillaceae,g__unclassified_f__Bacillaceae,s__unclassified_f__Bacillaceae,ASV644,685,0.00155,0.08333
d__Bacteria,k__norank_d__Bacteria,p__Actinomycetota,c__Actinobacteria,o__Micrococcales,f__Micrococcaceae,g__Rothia,s__unclassified_g__Rothia,ASV462,575,0.0013,0.08333
d__Bacteria,k__norank_d__Bacteria,p__Fusobacteriota,c__Fusobacteriia,o__Fusobacteriales,f__Leptotrichiaceae,g__Pseudoleptotrichia,s__uncultured_bacterium_g__Pseudoleptotrichia,ASV90,331,0.00075,0.08333
d__Bacteria,k__norank_d__Bacteria,p__Pseudomonadota,c__Gammaproteobacteria,o__Pseudomonadales,f__SAR86_clade,g__norank_f__SAR86_clade,s__unclassified_g__norank_f__SAR86_clade,ASV554,291,0.00066,0.08333
d__Bacteria,k__norank_d__Bacteria,p__Pseudomonadota,c__Alphaproteobacteria,o__Hyphomicrobiales,f__Xanthobacteraceae,g__unclassified_f__Xanthobacteraceae,s__unclassified_f__Xanthobacteraceae,ASV441,240,0.00054,0.16667
d__Bacteria,k__norank_d__Bacteria,p__Pseudomonadota,c__Gammaproteobacteria,o__Pseudomonadales,f__Pseudomonadaceae,g__Pseudomonas,s__unclassified_g__Pseudomonas,ASV381,228,0.00051,0.08333
d__Bacteria,k__norank_d__Bacteria,p__Bacteroidota,c__Bacteroidia,o__Bacteroidales,f__Prevotellaceae,g__Prevotella,s__unclassified_g__Prevotella,ASV476,202,0.00046,0.08333
d__Bacteria,k__norank_d__Bacteria,p__Actinomycetota,c__Actinobacteria,o__Frankiales,f__Geodermatophilaceae,g__Blastococcus,s__unclassified_g__Blastococcus,ASV217,176,0.0004,0.08333
d__Bacteria,k__norank_d__Bacteria,p__Verrucomicrobiota,c__Verrucomicrobiia,o__Opitutales,f__Puniceicoccaceae,g__MB11C04_marine_group,s__uncultured_marine_bacterium_g__MB11C04_marine_group,ASV565,169,0.00038,0.08333
d__Bacteria,k__norank_d__Bacteria,p__Deinococcota,c__Deinococci,o__Deinococcales,f__Deinococcaceae,g__Deinococcus,s__uncultured_bacterium_g__Deinococcus,ASV720,190,0.00043,0.08333
d__Bacteria,k__norank_d__Bacteria,p__Pseudomonadota,c__Gammaproteobacteria,o__Burkholderiales,f__Burkholderiaceae,g__Burkholderia-Caballeronia-Paraburkholderia,s__unclassified_g__Burkholderia-Caballeronia-Paraburkholderia,ASV569,136,0.00031,0.08333
d__Bacteria,k__norank_d__Bacteria,p__Pseudomonadota,c__Gammaproteobacteria,o__Pseudomonadales,f__Moraxellaceae,g__Acinetobacter,s__unclassified_g__Acinetobacter,ASV91,910,0.00205,0.5
d__Bacteria,k__norank_d__Bacteria,p__Pseudomonadota,c__Gammaproteobacteria,o__Burkholderiales,f__Oxalobacteraceae,g__Noviherbaspirillum,s__unclassified_g__Noviherbaspirillum,ASV203,458,0.00103,0.16667
d__Bacteria,k__norank_d__Bacteria,p__Bacteroidota,c__Bacteroidia,o__Cytophagales,f__Hymenobacteraceae,g__Hymenobacter,s__Hymenobacter_paludis,ASV552,354,0.0008,0.08333
d__Bacteria,k__norank_d__Bacteria,p__Cyanobacteriota,c__Cyanobacteriia,o__Chloroplast,f__norank_o__Chloroplast,g__norank_o__Chloroplast,s__unclassified_g__norank_o__Chloroplast,ASV553,295,0.00067,0.08333
d__Bacteria,k__norank_d__Bacteria,p__Bacillota,c__Bacilli,o__Exiguobacterales,f__Exiguobacteraceae,g__Exiguobacterium,s__unclassified_g__Exiguobacterium,ASV711,325,0.00073,0.08333
d__Bacteria,k__norank_d__Bacteria,p__Pseudomonadota,c__Alphaproteobacteria,o__Rhodobacterales,f__Paracoccaceae,g__Paracoccus,s__unclassified_g__Paracoccus,ASV207,214,0.00048,0.08333
d__Bacteria,k__norank_d__Bacteria,p__Bacteroidota,c__Bacteroidia,o__Flavobacteriales,f__Flavobacteriaceae,g__Flavobacterium,s__unclassified_g__Flavobacterium,ASV483,222,0.0005,0.16667
d__Bacteria,k__norank_d__Bacteria,p__Bacillota,c__Clostridia,o__Lachnospirales,f__Lachnospiraceae,g__unclassified_f__Lachnospiraceae,s__unclassified_f__Lachnospiraceae,ASV559,200,0.00045,0.08333
d__Bacteria,k__norank_d__Bacteria,p__Pseudomonadota,c__Alphaproteobacteria,o__Puniceispirillales,f__SAR116_clade,g__unclassified_f__SAR116_clade,s__unclassified_f__SAR116_clade,ASV560,196,0.00044,0.08333
d__Bacteria,k__norank_d__Bacteria,p__Pseudomonadota,c__Alphaproteobacteria,o__Sphingomonadales,f__Sphingomonadaceae,g__Sphingomonas,s__unclassified_g__Sphingomonas,ASV719,190,0.00043,0.08333
d__Bacteria,k__norank_d__Bacteria,p__Actinomycetota,c__Actinobacteria,o__Propionibacteriales,f__Nocardioidaceae,g__Nocardioides,s__unclassified_g__Nocardioides,ASV218,155,0.00035,0.08333
d__Bacteria,k__norank_d__Bacteria,p__Bacteroidota,c__Bacteroidia,o__Bacteroidales,f__Rikenellaceae,g__Alistipes,s__Alistipes_sp._CHKCI003,ASV567,154,0.00035,0.08333
d__Bacteria,k__norank_d__Bacteria,p__Actinomycetota,c__Actinobacteria,o__Mycobacteriales,f__Corynebacteriaceae,g__Corynebacterium,s__unclassified_g__Corynebacterium,ASV681,112,0.00025,0.08333
d__Bacteria,k__norank_d__Bacteria,p__Bacteroidota,c__Bacteroidia,o__Bacteroidales,f__Rikenellaceae,g__Alistipes,s__Alistipes_sp._CHKCI003,ASV573,126,0.00028,0.08333
d__Bacteria,k__norank_d__Bacteria,p__Actinomycetota,c__Actinobacteria,o__Micrococcales,f__Cellulomonadaceae,g__unclassified_f__Cellulomonadaceae,s__unclassified_f__Cellulomonadaceae,ASV194,1014,0.00229,0.08333
d__Bacteria,k__norank_d__Bacteria,p__Pseudomonadota,c__Gammaproteobacteria,o__Pseudomonadales,f__Pseudomonadaceae,g__Pseudomonas,s__unclassified_g__Pseudomonas,ASV40,1109,0.0025,0.58333
d__Bacteria,k__norank_d__Bacteria,p__Pseudomonadota,c__Gammaproteobacteria,o__Burkholderiales,f__Rhodocyclaceae,g__Methyloversatilis,s__unclassified_g__Methyloversatilis,ASV143,1042,0.00235,0.41667
d__Bacteria,k__norank_d__Bacteria,p__Pseudomonadota,c__Gammaproteobacteria,o__Pseudomonadales,f__Pseudomonadaceae,g__Pseudomonas,s__unclassified_g__Pseudomonas,ASV139,893,0.00201,0.5
d__Bacteria,k__norank_d__Bacteria,p__Pseudomonadota,c__Alphaproteobacteria,o__Rhodobacterales,f__Paracoccaceae,g__Paracoccus,s__unclassified_g__Paracoccus,ASV198,489,0.0011,0.08333
d__Bacteria,k__norank_d__Bacteria,p__Bacillota,c__Bacilli,o__Lactobacillales,f__Streptococcaceae,g__Streptococcus,s__unclassified_g__Streptococcus,ASV86,485,0.00109,0.08333
d__Bacteria,k__norank_d__Bacteria,p__Pseudomonadota,c__Alphaproteobacteria,o__Sphingomonadales,f__Sphingomonadaceae,g__Sphingomonas,s__unclassified_g__Sphingomonas,ASV277,419,0.00095,0.25
d__Bacteria,k__norank_d__Bacteria,p__Bacteroidota,c__Bacteroidia,o__Bacteroidales,f__Prevotellaceae,g__norank_f__Prevotellaceae,s__uncultured_Prevotellaceae_bacterium_f__Prevotellaceae,ASV87,410,0.00092,0.08333
d__Bacteria,k__norank_d__Bacteria,p__Pseudomonadota,c__Alphaproteobacteria,o__Pelagibacterales,f__Clade_I,g__Clade_Ia,s__unclassified_g__Clade_Ia,ASV555,277,0.00062,0.08333
d__Bacteria,k__norank_d__Bacteria,p__Cyanobacteriota,c__Vampirivibrionia,o__Obscuribacterales,f__Obscuribacteraceae,g__Candidatus_Obscuribacter,s__uncultured_actinobacterium_g__Candidatus_Obscuribacter,ASV651,265,0.0006,0.08333
d__Bacteria,k__norank_d__Bacteria,p__Pseudomonadota,c__Gammaproteobacteria,o__Pseudomonadales,f__Litorivicinaceae,g__Litorivicinus,s__unclassified_g__Litorivicinus,ASV558,228,0.00051,0.08333
d__Bacteria,k__norank_d__Bacteria,p__Bacillota,c__Clostridia,o__Clostridiales,f__Clostridiaceae,g__Clostridium,s__unclassified_g__Clostridium,ASV751,259,0.00058,0.08333
d__Bacteria,k__norank_d__Bacteria,p__Pseudomonadota,c__Gammaproteobacteria,o__Burkholderiales,f__Comamonadaceae,g__Aquabacterium,s__unclassified_g__Aquabacterium,ASV715,212,0.00048,0.08333
d__Bacteria,k__norank_d__Bacteria,p__Actinomycetota,c__Actinobacteria,o__Propionibacteriales,f__Nocardioidaceae,g__Nocardioides,s__unclassified_g__Nocardioides,ASV654,192,0.00043,0.08333
d__Bacteria,k__norank_d__Bacteria,p__Pseudomonadota,c__Gammaproteobacteria,o__Pseudomonadales,f__Spongiibacteraceae,g__BD1-7_clade,s__unclassified_g__BD1-7_clade,ASV566,160,0.00036,0.08333
d__Bacteria,k__norank_d__Bacteria,p__Bacillota,c__Bacilli,o__Lactobacillales,f__Carnobacteriaceae,g__Granulicatella,s__unclassified_g__Granulicatella,ASV114,151,0.00034,0.08333
d__Bacteria,k__norank_d__Bacteria,p__Pseudomonadota,c__Gammaproteobacteria,o__Burkholderiales,f__Oxalobacteraceae,g__Massilia,s__unclassified_g__Massilia,ASV224,126,0.00028,0.08333
d__Bacteria,k__norank_d__Bacteria,p__Pseudomonadota,c__Alphaproteobacteria,o__Sphingomonadales,f__Sphingomonadaceae,g__Sphingomonas,s__unclassified_g__Sphingomonas,ASV389,136,0.00031,0.08333
d__Bacteria,k__norank_d__Bacteria,p__Pseudomonadota,c__Gammaproteobacteria,o__Burkholderiales,f__Oxalobacteraceae,g__Massilia,s__unclassified_g__Massilia,ASV390,135,0.0003,0.08333
d__Bacteria,k__norank_d__Bacteria,p__Bacteroidota,c__Bacteroidia,o__Bacteroidales,f__Prevotellaceae,g__Prevotella,s__unclassified_g__Prevotella,ASV80,4002,0.00903,0.25
d__Bacteria,k__norank_d__Bacteria,p__Pseudomonadota,c__Gammaproteobacteria,o__Pseudomonadales,f__Moraxellaceae,g__Acinetobacter,s__unclassified_g__Acinetobacter,ASV39,2412,0.00544,0.91667
d__Bacteria,k__norank_d__Bacteria,p__Actinomycetota,c__Actinobacteria,o__Micrococcales,f__Micrococcaceae,g__Micrococcus,s__unclassified_g__Micrococcus,ASV527,1957,0.00441,0.08333
d__Bacteria,k__norank_d__Bacteria,p__Actinomycetota,c__Actinobacteria,o__Mycobacteriales,f__Nocardiaceae,g__Williamsia,s__uncultured_Williamsia_sp.,ASV195,986,0.00222,0.08333
d__Bacteria,k__norank_d__Bacteria,p__Bacteroidota,c__Bacteroidia,o__Sphingobacteriales,f__Sphingobacteriaceae,g__Sphingobacterium,s__Sphingobacterium_hotanense,ASV62,296,0.00067,0.16667
d__Bacteria,k__norank_d__Bacteria,p__Pseudomonadota,c__Alphaproteobacteria,o__Acetobacterales,f__Acetobacteraceae,g__norank_f__Acetobacteraceae,s__unclassified_g__norank_f__Acetobacteraceae,ASV750,338,0.00076,0.08333
d__Bacteria,k__norank_d__Bacteria,p__Bacillota,c__Bacilli,o__Bacillales,f__Planococcaceae,g__Solibacillus,s__unclassified_g__Solibacillus,ASV78,279,0.00063,0.33333
d__Bacteria,k__norank_d__Bacteria,p__Pseudomonadota,c__Alphaproteobacteria,o__Sphingomonadales,f__Sphingomonadaceae,g__Sphingomonas,s__unclassified_g__Sphingomonas,ASV101,267,0.0006,0.16667
d__Bacteria,k__norank_d__Bacteria,p__Fusobacteriota,c__Fusobacteriia,o__Fusobacteriales,f__Leptotrichiaceae,g__Leptotrichia,s__Leptotrichia_sp._oral_taxon_498,ASV95,259,0.00058,0.08333
d__Bacteria,k__norank_d__Bacteria,p__Pseudomonadota,c__Alphaproteobacteria,o__Hyphomicrobiales,f__Rhizobiaceae,g__unclassified_f__Rhizobiaceae,s__unclassified_f__Rhizobiaceae,ASV475,217,0.00049,0.08333
d__Bacteria,k__norank_d__Bacteria,p__Pseudomonadota,c__Gammaproteobacteria,o__Burkholderiales,f__Neisseriaceae,g__Neisseria,s__unclassified_g__Neisseria,ASV752,250,0.00056,0.08333
d__Bacteria,k__norank_d__Bacteria,p__Bacillota,c__Negativicutes,o__Veillonellales-Selenomonadales,f__Veillonellaceae,g__Veillonella,s__unclassified_g__Veillonella,ASV301,190,0.00043,0.16667
d__Bacteria,k__norank_d__Bacteria,p__Bacillota,c__Bacilli,o__Lactobacillales,f__Streptococcaceae,g__Streptococcus,s__unclassified_g__Streptococcus,ASV215,178,0.0004,0.08333
d__Bacteria,k__norank_d__Bacteria,p__Bacteroidota,c__Bacteroidia,o__Flavobacteriales,f__Flavobacteriaceae,g__Capnocytophaga,s__Capnocytophaga_leadbetteri,ASV477,172,0.00039,0.08333
d__Bacteria,k__norank_d__Bacteria,p__Patescibacteria,c__ABY1,o__unclassified_c__ABY1,f__unclassified_c__ABY1,g__unclassified_c__ABY1,s__unclassified_c__ABY1,ASV108,172,0.00039,0.08333
d__Bacteria,k__norank_d__Bacteria,p__Pseudomonadota,c__Gammaproteobacteria,o__Burkholderiales,f__Comamonadaceae,g__unclassified_f__Comamonadaceae,s__unclassified_f__Comamonadaceae,ASV479,144,0.00032,0.08333
d__Bacteria,k__norank_d__Bacteria,p__Pseudomonadota,c__Alphaproteobacteria,o__Sphingomonadales,f__Sphingomonadaceae,g__unclassified_f__Sphingomonadaceae,s__unclassified_f__Sphingomonadaceae,ASV222,122,0.00028,0.08333
d__Bacteria,k__norank_d__Bacteria,p__Pseudomonadota,c__Gammaproteobacteria,o__Burkholderiales,f__Oxalobacteraceae,g__Massilia,s__unclassified_g__Massilia,ASV120,142,0.00032,0.08333
d__Bacteria,k__norank_d__Bacteria,p__Pseudomonadota,c__Alphaproteobacteria,o__unclassified_c__Alphaproteobacteria,f__unclassified_c__Alphaproteobacteria,g__unclassified_c__Alphaproteobacteria,s__unclassified_c__Alphaproteobacteria,ASV219,1423,0.00321,0.41667
d__Bacteria,k__norank_d__Bacteria,p__Pseudomonadota,c__Gammaproteobacteria,o__Pseudomonadales,f__Moraxellaceae,g__Acinetobacter,s__unclassified_g__Acinetobacter,ASV49,1469,0.00331,0.58333
d__Bacteria,k__norank_d__Bacteria,p__Pseudomonadota,c__Gammaproteobacteria,o__Burkholderiales,f__Comamonadaceae,g__unclassified_f__Comamonadaceae,s__unclassified_f__Comamonadaceae,ASV193,1149,0.00259,0.08333
d__Bacteria,k__norank_d__Bacteria,p__Pseudomonadota,c__Gammaproteobacteria,o__Burkholderiales,f__Comamonadaceae,g__unclassified_f__Comamonadaceae,s__unclassified_f__Comamonadaceae,ASV196,852,0.00192,0.08333
d__Bacteria,k__norank_d__Bacteria,p__Pseudomonadota,c__Gammaproteobacteria,o__Pseudomonadales,f__Moraxellaceae,g__Enhydrobacter,s__unclassified_g__Enhydrobacter,ASV44,706,0.00159,0.58333
d__Bacteria,k__norank_d__Bacteria,p__Pseudomonadota,c__Alphaproteobacteria,o__Hyphomicrobiales,f__Rhizobiaceae,g__Agrobacterium,s__unclassified_g__Agrobacterium,ASV342,628,0.00142,0.25
d__Bacteria,k__norank_d__Bacteria,p__Bacillota,c__Bacilli,o__Lactobacillales,f__Streptococcaceae,g__Streptococcus,s__unclassified_g__Streptococcus,ASV88,476,0.00107,0.16667
d__Bacteria,k__norank_d__Bacteria,p__Bacillota,c__Bacilli,o__Staphylococcales,f__Staphylococcaceae,g__Staphylococcus,s__unclassified_g__Staphylococcus,ASV60,503,0.00113,0.25
d__Bacteria,k__norank_d__Bacteria,p__Pseudomonadota,c__Gammaproteobacteria,o__Methylococcales,f__Methylococcaceae,g__Methyloparacoccus,s__Methyloparacoccus_murrellii,ASV89,428,0.00097,0.16667
d__Bacteria,k__norank_d__Bacteria,p__Pseudomonadota,c__Alphaproteobacteria,o__Caulobacterales,f__Caulobacteraceae,g__Asticcacaulis,s__Asticcacaulis_sp._p51(2011),ASV432,298,0.00067,0.16667
d__Bacteria,k__norank_d__Bacteria,p__Bacillota,c__Bacilli,o__Bacillales,f__Bacillaceae,g__unclassified_f__Bacillaceae,s__unclassified_f__Bacillaceae,ASV425,233,0.00053,0.08333
d__Bacteria,k__norank_d__Bacteria,p__Pseudomonadota,c__Gammaproteobacteria,o__Burkholderiales,f__Comamonadaceae,g__Aquabacterium,s__unclassified_g__Aquabacterium,ASV674,214,0.00048,0.08333
d__Bacteria,k__norank_d__Bacteria,p__Fusobacteriota,c__Fusobacteriia,o__Fusobacteriales,f__Leptotrichiaceae,g__Pseudoleptotrichia,s__uncultured_bacterium_g__Pseudoleptotrichia,ASV98,221,0.0005,0.08333
d__Bacteria,k__norank_d__Bacteria,p__Bacteroidota,c__Bacteroidia,o__Flavobacteriales,f__Weeksellaceae,g__Chryseobacterium,s__unclassified_g__Chryseobacterium,ASV208,200,0.00045,0.08333
d__Bacteria,k__norank_d__Bacteria,p__Pseudomonadota,c__Alphaproteobacteria,o__Pelagibacterales,f__Clade_I,g__Clade_Ia,s__unclassified_g__Clade_Ia,ASV563,177,0.0004,0.08333
d__Bacteria,k__norank_d__Bacteria,p__Bacillota,c__Bacilli,o__Lactobacillales,f__Lactobacillaceae,g__Paucilactobacillus,s__unclassified_g__Paucilactobacillus,ASV24,187,0.00042,0.08333
d__Bacteria,k__norank_d__Bacteria,p__Bacillota,c__Negativicutes,o__Veillonellales-Selenomonadales,f__Veillonellaceae,g__Veillonella,s__unclassified_g__Veillonella,ASV125,171,0.00039,0.16667
d__Bacteria,k__norank_d__Bacteria,p__Bacillota,c__Bacilli,o__Lactobacillales,f__Streptococcaceae,g__Streptococcus,s__unclassified_g__Streptococcus,ASV110,175,0.00039,0.08333
d__Bacteria,k__norank_d__Bacteria,p__Deinococcota,c__Deinococci,o__Deinococcales,f__Deinococcaceae,g__Deinococcus,s__Deinococcus_geothermalis_DSM_11300,ASV433,149,0.00034,0.16667
d__Bacteria,k__norank_d__Bacteria,p__Pseudomonadota,c__Gammaproteobacteria,o__Burkholderiales,f__Burkholderiaceae,g__Burkholderia-Caballeronia-Paraburkholderia,s__unclassified_g__Burkholderia-Caballeronia-Paraburkholderia,ASV577,123,0.00028,0.08333
d__Bacteria,k__norank_d__Bacteria,p__Pseudomonadota,c__Gammaproteobacteria,o__Burkholderiales,f__Burkholderiaceae,g__Ralstonia,s__unclassified_g__Ralstonia,ASV574,119,0.00027,0.08333
d__Bacteria,k__norank_d__Bacteria,p__Gemmatimonadota,c__Longimicrobiia,o__Longimicrobiales,f__Longimicrobiaceae,g__Longimicrobium,s__uncultured_bacterium_g__Longimicrobium,ASV226,113,0.00025,0.08333
d__Bacteria,k__norank_d__Bacteria,p__Pseudomonadota,c__Alphaproteobacteria,o__Sphingomonadales,f__Sphingomonadaceae,g__Sphingomonas,s__unclassified_g__Sphingomonas,ASV580,112,0.00025,0.08333
d__Bacteria,k__norank_d__Bacteria,p__Pseudomonadota,c__Alphaproteobacteria,o__Sphingomonadales,f__Sphingomonadaceae,g__Sphingomonas,s__unclassified_g__Sphingomonas,ASV391,124,0.00028,0.08333
d__Bacteria,k__norank_d__Bacteria,p__Pseudomonadota,c__Alphaproteobacteria,o__Sphingomonadales,f__Sphingomonadaceae,g__Croceibacterium,s__unclassified_g__Croceibacterium,ASV225,105,0.00024,0.08333
d__Bacteria,k__norank_d__Bacteria,p__Actinomycetota,c__Actinobacteria,o__Micrococcales,f__Microbacteriaceae,g__unclassified_f__Microbacteriaceae,s__unclassified_f__Microbacteriaceae,ASV392,115,0.00026,0.08333
d__Bacteria,k__norank_d__Bacteria,p__Bacteroidota,c__Bacteroidia,o__Bacteroidales,f__Prevotellaceae,g__Segatella,s__unclassified_g__Segatella,ASV231,105,0.00024,0.08333
d__Bacteria,k__norank_d__Bacteria,p__Pseudomonadota,c__Gammaproteobacteria,o__Burkholderiales,f__Oxalobacteraceae,g__Noviherbaspirillum,s__unclassified_g__Noviherbaspirillum,ASV233,95,0.00021,0.08333
d__Bacteria,k__norank_d__Bacteria,p__Fibrobacterota,c__Chitinivibrionia,o__norank_c__Chitinivibrionia,f__norank_c__Chitinivibrionia,g__norank_c__Chitinivibrionia,s__uncultured_bacterium_c__Chitinivibrionia,ASV122,127,0.00029,0.08333
d__Bacteria,k__norank_d__Bacteria,p__Pseudomonadota,c__Alphaproteobacteria,o__Hyphomicrobiales,f__Beijerinckiaceae,g__Methylobacterium,s__unclassified_g__Methylobacterium,ASV484,111,0.00025,0.08333
d__Bacteria,k__norank_d__Bacteria,p__Bacteroidota,c__Bacteroidia,o__Bacteroidales,f__Tannerellaceae,g__Tannerella,s__unclassified_g__Tannerella,ASV123,129,0.00029,0.08333
d__Bacteria,k__norank_d__Bacteria,p__Pseudomonadota,c__Gammaproteobacteria,o__Enterobacterales,f__unclassified_o__Enterobacterales,g__unclassified_o__Enterobacterales,s__unclassified_o__Enterobacterales,ASV584,115,0.00026,0.08333
d__Bacteria,k__norank_d__Bacteria,p__Pseudomonadota,c__Gammaproteobacteria,o__Pseudomonadales,f__Moraxellaceae,g__Cavicella,s__unclassified_g__Cavicella,ASV237,83,0.00019,0.08333
d__Bacteria,k__norank_d__Bacteria,p__Deinococcota,c__Deinococci,o__Deinococcales,f__Deinococcaceae,g__Deinococcus,s__Deinococcus_sp._G8(2015),ASV731,110,0.00025,0.08333
d__Bacteria,k__norank_d__Bacteria,p__Pseudomonadota,c__Alphaproteobacteria,o__Rhodobacterales,f__Paracoccaceae,g__Paracoccus,s__unclassified_g__Paracoccus,ASV246,80,0.00018,0.08333
d__Bacteria,k__norank_d__Bacteria,p__Pseudomonadota,c__Gammaproteobacteria,o__Burkholderiales,f__Burkholderiaceae,g__Lautropia,s__unclassified_g__Lautropia,ASV250,84,0.00019,0.08333
d__Bacteria,k__norank_d__Bacteria,p__Bacillota,c__Bacilli,o__Lactobacillales,f__Streptococcaceae,g__Streptococcus,s__unclassified_g__Streptococcus,ASV259,65,0.00015,0.08333
d__Bacteria,k__norank_d__Bacteria,p__Bacteroidota,c__Bacteroidia,o__Bacteroidales,f__Prevotellaceae,g__Prevotella,s__Prevotella_veroralis,ASV148,80,0.00018,0.08333
d__Bacteria,k__norank_d__Bacteria,p__Pseudomonadota,c__Gammaproteobacteria,o__Burkholderiales,f__Comamonadaceae,g__unclassified_f__Comamonadaceae,s__unclassified_f__Comamonadaceae,ASV263,63,0.00014,0.08333
d__Bacteria,k__norank_d__Bacteria,p__Pseudomonadota,c__Gammaproteobacteria,o__Pseudomonadales,f__Moraxellaceae,g__Acinetobacter,s__unclassified_g__Acinetobacter,ASV601,69,0.00016,0.08333
d__Bacteria,k__norank_d__Bacteria,p__Gemmatimonadota,c__Longimicrobiia,o__Longimicrobiales,f__Longimicrobiaceae,g__norank_f__Longimicrobiaceae,s__metagenome_f__Longimicrobiaceae,ASV265,69,0.00016,0.08333
d__Bacteria,k__norank_d__Bacteria,p__Bacteroidota,c__Bacteroidia,o__Flavobacteriales,f__Weeksellaceae,g__Chryseobacterium,s__unclassified_g__Chryseobacterium,ASV692,56,0.00013,0.08333
d__Bacteria,k__norank_d__Bacteria,p__Pseudomonadota,c__Gammaproteobacteria,o__Pseudomonadales,f__Pseudomonadaceae,g__Pseudomonas,s__unclassified_g__Pseudomonas,ASV505,64,0.00014,0.08333
d__Bacteria,k__norank_d__Bacteria,p__Bacillota,c__Bacilli,o__Mycoplasmatales,f__Mycoplasmataceae,g__Malacoplasma,s__uncultured_Mycoplasma_sp._g__Malacoplasma,ASV447,54,0.00012,0.08333
d__Bacteria,k__norank_d__Bacteria,p__Pseudomonadota,c__Gammaproteobacteria,o__Pseudomonadales,f__Moraxellaceae,g__Acinetobacter,s__unclassified_g__Acinetobacter,ASV629,58,0.00013,0.16667
d__Bacteria,k__norank_d__Bacteria,p__Pseudomonadota,c__Alphaproteobacteria,o__Rhodobacterales,f__Paracoccaceae,g__Fuscovulum,s__unclassified_g__Fuscovulum,ASV35,127,0.00029,0.08333
d__Bacteria,k__norank_d__Bacteria,p__Bacteroidota,c__Bacteroidia,o__Bacteroidales,f__Porphyromonadaceae,g__Porphyromonas,s__Porphyromonas_sp._oral_clone_HF001,ASV121,132,0.0003,0.08333
d__Bacteria,k__norank_d__Bacteria,p__Pseudomonadota,c__Gammaproteobacteria,o__Burkholderiales,f__Oxalobacteraceae,g__Noviherbaspirillum,s__unclassified_g__Noviherbaspirillum,ASV578,116,0.00026,0.08333
d__Bacteria,k__norank_d__Bacteria,p__Pseudomonadota,c__Gammaproteobacteria,o__Pseudomonadales,f__Moraxellaceae,g__Acinetobacter,s__unclassified_g__Acinetobacter,ASV657,129,0.00029,0.08333
d__Bacteria,k__norank_d__Bacteria,p__Bacillota,c__Bacilli,o__Bacillales,f__Planococcaceae,g__Paenisporosarcina,s__unclassified_g__Paenisporosarcina,ASV579,111,0.00025,0.08333
d__Bacteria,k__norank_d__Bacteria,p__Bacteroidota,c__Bacteroidia,o__Bacteroidales,f__Porphyromonadaceae,g__Porphyromonas,s__unclassified_g__Porphyromonas,ASV759,138,0.00031,0.08333
d__Bacteria,k__norank_d__Bacteria,p__Pseudomonadota,c__Gammaproteobacteria,o__Pseudomonadales,f__Moraxellaceae,g__Acinetobacter,s__unclassified_g__Acinetobacter,ASV400,109,0.00025,0.08333
d__Bacteria,k__norank_d__Bacteria,p__Bacteroidota,c__Bacteroidia,o__Flavobacteriales,f__Crocinitomicaceae,g__Fluviicola,s__unclassified_g__Fluviicola,ASV761,131,0.0003,0.08333
d__Bacteria,k__norank_d__Bacteria,p__Cyanobacteriota,c__Vampirivibrionia,o__Obscuribacterales,f__Obscuribacteraceae,g__Candidatus_Obscuribacter,s__uncultured_bacterium_g__Candidatus_Obscuribacter,ASV429,108,0.00024,0.08333
d__Bacteria,k__norank_d__Bacteria,p__Pseudomonadota,c__Alphaproteobacteria,o__Hyphomicrobiales,f__Beijerinckiaceae,g__Methylobacterium,s__unclassified_g__Methylobacterium,ASV684,85,0.00019,0.08333
d__Bacteria,k__norank_d__Bacteria,p__Pseudomonadota,c__Alphaproteobacteria,o__Caulobacterales,f__Caulobacteraceae,g__Phenylobacterium,s__unclassified_g__Phenylobacterium,ASV239,81,0.00018,0.08333
d__Bacteria,k__norank_d__Bacteria,p__Actinomycetota,c__Actinobacteria,o__Propionibacteriales,f__Nocardioidaceae,g__Nocardioides,s__Nocardioides_sp._78,ASV242,85,0.00019,0.08333
d__Bacteria,k__norank_d__Bacteria,p__Pseudomonadota,c__Alphaproteobacteria,o__Caulobacterales,f__Hyphomonadaceae,g__unclassified_f__Hyphomonadaceae,s__unclassified_f__Hyphomonadaceae,ASV597,76,0.00017,0.08333
d__Bacteria,k__norank_d__Bacteria,p__Acidobacteriota,c__Acidobacteriae,o__Bryobacterales,f__Bryobacteraceae,g__Bryobacter,s__unclassified_g__Bryobacter,ASV440,80,0.00018,0.08333
d__Bacteria,k__norank_d__Bacteria,p__Bacteroidota,c__Bacteroidia,o__Cytophagales,f__Hymenobacteraceae,g__Hymenobacter,s__unclassified_g__Hymenobacter,ASV770,87,0.0002,0.08333
d__Bacteria,k__norank_d__Bacteria,p__Pseudomonadota,c__Alphaproteobacteria,o__Sphingomonadales,f__Sphingomonadaceae,g__unclassified_f__Sphingomonadaceae,s__unclassified_f__Sphingomonadaceae,ASV771,84,0.00019,0.08333
d__Bacteria,k__norank_d__Bacteria,p__Pseudomonadota,c__Gammaproteobacteria,o__Burkholderiales,f__Oxalobacteraceae,g__Noviherbaspirillum,s__unclassified_g__Noviherbaspirillum,ASV287,48,0.00011,0.08333
d__Bacteria,k__norank_d__Bacteria,p__Pseudomonadota,c__Alphaproteobacteria,o__Hyphomicrobiales,f__Xanthobacteraceae,g__Tardiphaga,s__unclassified_g__Tardiphaga,ASV774,68,0.00015,0.08333
d__Bacteria,k__norank_d__Bacteria,p__unclassified_k__norank_d__Bacteria,c__unclassified_k__norank_d__Bacteria,o__unclassified_k__norank_d__Bacteria,f__unclassified_k__norank_d__Bacteria,g__unclassified_k__norank_d__Bacteria,s__unclassified_k__norank_d__Bacteria,ASV609,55,0.00012,0.08333
d__Bacteria,k__norank_d__Bacteria,p__Patescibacteria,c__Gracilibacteria,o__Absconditabacteriales_(SR1),f__norank_o__Absconditabacteriales_(SR1),g__norank_o__Absconditabacteriales_(SR1),s__candidate_division_SR1_bacterium_MGEHA,ASV157,57,0.00013,0.08333
d__Bacteria,k__norank_d__Bacteria,p__Bacteroidota,c__Bacteroidia,o__Sphingobacteriales,f__unclassified_o__Sphingobacteriales,g__unclassified_o__Sphingobacteriales,s__unclassified_o__Sphingobacteriales,ASV724,143,0.00032,0.08333
d__Bacteria,k__norank_d__Bacteria,p__Bacteroidota,c__Bacteroidia,o__Flavobacteriales,f__Weeksellaceae,g__Daejeonia,s__unclassified_g__Daejeonia,ASV227,113,0.00025,0.08333
d__Bacteria,k__norank_d__Bacteria,p__Gemmatimonadota,c__Longimicrobiia,o__Longimicrobiales,f__Longimicrobiaceae,g__norank_f__Longimicrobiaceae,s__uncultured_forest_soil_bacterium_f__Longimicrobiaceae,ASV426,130,0.00029,0.08333
d__Bacteria,k__norank_d__Bacteria,p__Pseudomonadota,c__Gammaproteobacteria,o__Burkholderiales,f__Burkholderiaceae,g__Burkholderia-Caballeronia-Paraburkholderia,s__unclassified_g__Burkholderia-Caballeronia-Paraburkholderia,ASV760,132,0.0003,0.08333
d__Bacteria,k__norank_d__Bacteria,p__Pseudomonadota,c__Alphaproteobacteria,o__Sphingomonadales,f__Sphingomonadaceae,g__Sphingomonas,s__unclassified_g__Sphingomonas,ASV401,107,0.00024,0.08333
d__Bacteria,k__norank_d__Bacteria,p__Actinomycetota,c__Actinobacteria,o__Mycobacteriales,f__Corynebacteriaceae,g__Corynebacterium,s__unclassified_g__Corynebacterium,ASV590,96,0.00022,0.08333
d__Bacteria,k__norank_d__Bacteria,p__Pseudomonadota,c__Alphaproteobacteria,o__Sphingomonadales,f__Sphingomonadaceae,g__Sphingomonas,s__unclassified_g__Sphingomonas,ASV728,117,0.00026,0.08333
d__Bacteria,k__norank_d__Bacteria,p__Pseudomonadota,c__Alphaproteobacteria,o__Sphingomonadales,f__Sphingomonadaceae,g__Sphingomonas,s__unclassified_g__Sphingomonas,ASV490,110,0.00025,0.08333
d__Bacteria,k__norank_d__Bacteria,p__Bacillota,c__Bacilli,o__Bacillales,f__Bacillaceae,g__Anoxybacillus,s__unclassified_g__Anoxybacillus,ASV591,96,0.00022,0.08333
d__Bacteria,k__norank_d__Bacteria,p__Pseudomonadota,c__Gammaproteobacteria,o__Pseudomonadales,f__Moraxellaceae,g__Alkanindiges,s__unclassified_g__Alkanindiges,ASV730,109,0.00025,0.08333
d__Bacteria,k__norank_d__Bacteria,p__Pseudomonadota,c__Gammaproteobacteria,o__Burkholderiales,f__Burkholderiaceae,g__Burkholderia-Caballeronia-Paraburkholderia,s__unclassified_g__Burkholderia-Caballeronia-Paraburkholderia,ASV42,98,0.00022,0.08333
d__Bacteria,k__norank_d__Bacteria,p__Actinomycetota,c__Actinobacteria,o__Actinomycetales,f__Actinomycetaceae,g__Actinomyces,s__Actinomyces_graevenitzii,ASV496,80,0.00018,0.08333
d__Bacteria,k__norank_d__Bacteria,p__Bacillota,c__Bacilli,o__Lactobacillales,f__Carnobacteriaceae,g__Dolosigranulum,s__unclassified_g__Dolosigranulum,ASV768,95,0.00021,0.08333
d__Bacteria,k__norank_d__Bacteria,p__Pseudomonadota,c__Alphaproteobacteria,o__Sphingomonadales,f__Sphingomonadaceae,g__unclassified_f__Sphingomonadaceae,s__unclassified_f__Sphingomonadaceae,ASV442,71,0.00016,0.08333
d__Bacteria,k__norank_d__Bacteria,p__Actinomycetota,c__Actinobacteria,o__Bifidobacteriales,f__Bifidobacteriaceae,g__Bifidobacterium,s__unclassified_g__Bifidobacterium,ASV410,64,0.00014,0.08333
d__Bacteria,k__norank_d__Bacteria,p__Pseudomonadota,c__Alphaproteobacteria,o__Sphingomonadales,f__Sphingomonadaceae,g__unclassified_f__Sphingomonadaceae,s__unclassified_f__Sphingomonadaceae,ASV575,121,0.00027,0.08333
d__Bacteria,k__norank_d__Bacteria,p__Pseudomonadota,c__Gammaproteobacteria,o__Pseudomonadales,f__Pseudomonadaceae,g__Pseudomonas,s__unclassified_g__Pseudomonas,ASV393,131,0.0003,0.08333
d__Bacteria,k__norank_d__Bacteria,p__Actinomycetota,c__Actinobacteria,o__Propionibacteriales,f__Nocardioidaceae,g__unclassified_f__Nocardioidaceae,s__unclassified_f__Nocardioidaceae,ASV228,115,0.00026,0.08333
d__Bacteria,k__norank_d__Bacteria,p__Fusobacteriota,c__Fusobacteriia,o__Fusobacteriales,f__Leptotrichiaceae,g__Leptotrichia,s__Leptotrichia_sp._oral_clone_FP036,ASV229,108,0.00024,0.08333
d__Bacteria,k__norank_d__Bacteria,p__Actinomycetota,c__Actinobacteria,o__Mycobacteriales,f__Corynebacteriaceae,g__Corynebacterium,s__unclassified_g__Corynebacterium,ASV158,111,0.00025,0.16667
d__Bacteria,k__norank_d__Bacteria,p__Actinomycetota,c__Actinobacteria,o__Mycobacteriales,f__Mycobacteriaceae,g__Mycobacterium,s__unclassified_g__Mycobacterium,ASV586,106,0.00024,0.08333
d__Bacteria,k__norank_d__Bacteria,p__Pseudomonadota,c__Alphaproteobacteria,o__Rhodobacterales,f__Paracoccaceae,g__Paracoccus,s__unclassified_g__Paracoccus,ASV491,88,0.0002,0.08333
d__Bacteria,k__norank_d__Bacteria,p__Pseudomonadota,c__Gammaproteobacteria,o__Pseudomonadales,f__Moraxellaceae,g__Acinetobacter,s__unclassified_g__Acinetobacter,ASV533,100,0.00023,0.08333
d__Bacteria,k__norank_d__Bacteria,p__Pseudomonadota,c__Gammaproteobacteria,o__Pseudomonadales,f__Moraxellaceae,g__Acinetobacter,s__unclassified_g__Acinetobacter,ASV493,91,0.00021,0.08333
d__Bacteria,k__norank_d__Bacteria,p__Pseudomonadota,c__Alphaproteobacteria,o__Caulobacterales,f__Caulobacteraceae,g__Phenylobacterium,s__unclassified_g__Phenylobacterium,ASV247,75,0.00017,0.08333
d__Bacteria,k__norank_d__Bacteria,p__Pseudomonadota,c__Alphaproteobacteria,o__Hyphomicrobiales,f__Xanthobacteraceae,g__Bradyrhizobium,s__unclassified_g__Bradyrhizobium,ASV733,94,0.00021,0.08333
d__Bacteria,k__norank_d__Bacteria,p__Pseudomonadota,c__Gammaproteobacteria,o__Pseudomonadales,f__Moraxellaceae,g__Acinetobacter,s__unclassified_g__Acinetobacter,ASV663,95,0.00021,0.08333
d__Bacteria,k__norank_d__Bacteria,p__Bacillota,c__Negativicutes,o__Veillonellales-Selenomonadales,f__Veillonellaceae,g__Veillonella,s__unclassified_g__Veillonella,ASV497,77,0.00017,0.08333
d__Bacteria,k__norank_d__Bacteria,p__Acidobacteriota,c__Acidobacteriae,o__Solibacterales,f__Solibacteraceae,g__Candidatus_Solibacter,s__unclassified_g__Candidatus_Solibacter,ASV600,63,0.00014,0.08333
d__Bacteria,k__norank_d__Bacteria,p__Actinomycetota,c__Thermoleophilia,o__Solirubrobacterales,f__Solirubrobacteraceae,g__norank_f__Solirubrobacteraceae,s__unclassified_g__norank_f__Solirubrobacteraceae,ASV266,62,0.00014,0.08333
d__Bacteria,k__norank_d__Bacteria,p__Armatimonadota,c__Fimbriimonadia,o__Fimbriimonadales,f__Fimbriimonadaceae,g__norank_f__Fimbriimonadaceae,s__unclassified_g__norank_f__Fimbriimonadaceae,ASV502,70,0.00016,0.08333
d__Bacteria,k__norank_d__Bacteria,p__Pseudomonadota,c__Gammaproteobacteria,o__Burkholderiales,f__Oxalobacteraceae,g__Massilia,s__unclassified_g__Massilia,ASV275,67,0.00015,0.08333
d__Bacteria,k__norank_d__Bacteria,p__Pseudomonadota,c__Gammaproteobacteria,o__Pseudomonadales,f__Moraxellaceae,g__Acinetobacter,s__unclassified_g__Acinetobacter,ASV57,61,0.00014,0.08333
d__Bacteria,k__norank_d__Bacteria,p__Pseudomonadota,c__Gammaproteobacteria,o__Pseudomonadales,f__Moraxellaceae,g__Acinetobacter,s__unclassified_g__Acinetobacter,ASV694,55,0.00012,0.08333
d__Bacteria,k__norank_d__Bacteria,p__Pseudomonadota,c__Gammaproteobacteria,o__Burkholderiales,f__Alcaligenaceae,g__Achromobacter,s__unclassified_g__Achromobacter,ASV446,59,0.00013,0.08333
d__Bacteria,k__norank_d__Bacteria,p__Pseudomonadota,c__Gammaproteobacteria,o__Burkholderiales,f__Neisseriaceae,g__Neisseria,s__unclassified_g__Neisseria,ASV395,116,0.00026,0.08333
d__Bacteria,k__norank_d__Bacteria,p__Pseudomonadota,c__Gammaproteobacteria,o__Burkholderiales,f__Comamonadaceae,g__Paucibacter,s__unclassified_g__Paucibacter,ASV581,117,0.00026,0.08333
d__Bacteria,k__norank_d__Bacteria,p__Pseudomonadota,c__Gammaproteobacteria,o__Burkholderiales,f__Burkholderiaceae,g__Lautropia,s__unclassified_g__Lautropia,ASV128,120,0.00027,0.08333
d__Bacteria,k__norank_d__Bacteria,p__Bacteroidota,c__Bacteroidia,o__Chitinophagales,f__Chitinophagaceae,g__Edaphobaculum,s__uncultured_bacterium_g__Edaphobaculum,ASV762,130,0.00029,0.08333
d__Bacteria,k__norank_d__Bacteria,p__Actinomycetota,c__Actinobacteria,o__Propionibacteriales,f__Nocardioidaceae,g__Nocardioides,s__unclassified_g__Nocardioides,ASV234,99,0.00022,0.08333
d__Bacteria,k__norank_d__Bacteria,p__Pseudomonadota,c__Gammaproteobacteria,o__Burkholderiales,f__Neisseriaceae,g__Neisseria,s__unclassified_g__Neisseria,ASV660,113,0.00025,0.08333
d__Bacteria,k__norank_d__Bacteria,p__Bacteroidota,c__Bacteroidia,o__Flavobacteriales,f__Flavobacteriaceae,g__Capnocytophaga,s__Capnocytophaga_gingivalis,ASV134,111,0.00025,0.08333
d__Bacteria,k__norank_d__Bacteria,p__Pseudomonadota,c__Alphaproteobacteria,o__Acetobacterales,f__Acetobacteraceae,g__Caldovatus,s__uncultured_bacterium_g__Caldovatus,ASV492,89,0.0002,0.08333
d__Bacteria,k__norank_d__Bacteria,p__Bacteroidota,c__Bacteroidia,o__Chitinophagales,f__Chitinophagaceae,g__Edaphobaculum,s__uncultured_bacterium_g__Edaphobaculum,ASV766,111,0.00025,0.08333
d__Bacteria,k__norank_d__Bacteria,p__Pseudomonadota,c__Gammaproteobacteria,o__Burkholderiales,f__Oxalobacteraceae,g__Massilia,s__unclassified_g__Massilia,ASV435,88,0.0002,0.08333
d__Bacteria,k__norank_d__Bacteria,p__Pseudomonadota,c__Alphaproteobacteria,o__Hyphomicrobiales,f__Beijerinckiaceae,g__Methylobacterium,s__unclassified_g__Methylobacterium,ASV494,91,0.00021,0.08333
d__Bacteria,k__norank_d__Bacteria,p__Pseudomonadota,c__Gammaproteobacteria,o__Burkholderiales,f__Neisseriaceae,g__Neisseria,s__unclassified_g__Neisseria,ASV689,74,0.00017,0.08333
d__Bacteria,k__norank_d__Bacteria,p__Pseudomonadota,c__Alphaproteobacteria,o__Sphingomonadales,f__Sphingomonadaceae,g__Sphingomonas,s__unclassified_g__Sphingomonas,ASV437,87,0.0002,0.08333
d__Bacteria,k__norank_d__Bacteria,p__Pseudomonadota,c__Alphaproteobacteria,o__Hyphomicrobiales,f__Beijerinckiaceae,g__Methylobacterium,s__unclassified_g__Methylobacterium,ASV495,84,0.00019,0.08333
d__Bacteria,k__norank_d__Bacteria,p__Pseudomonadota,c__Alphaproteobacteria,o__Sphingomonadales,f__Sphingomonadaceae,g__Sphingomonas,s__unclassified_g__Sphingomonas,ASV734,91,0.00021,0.08333
d__Bacteria,k__norank_d__Bacteria,p__Pseudomonadota,c__Alphaproteobacteria,o__Hyphomicrobiales,f__Beijerinckiaceae,g__Methylobacterium,s__unclassified_g__Methylobacterium,ASV769,94,0.00021,0.08333
d__Bacteria,k__norank_d__Bacteria,p__Pseudomonadota,c__Alphaproteobacteria,o__Rhodobacterales,f__Paracoccaceae,g__Paracoccus,s__unclassified_g__Paracoccus,ASV499,78,0.00018,0.08333
d__Bacteria,k__norank_d__Bacteria,p__Pseudomonadota,c__Gammaproteobacteria,o__Burkholderiales,f__Oxalobacteraceae,g__Massilia,s__unclassified_g__Massilia,ASV147,78,0.00018,0.08333
d__Bacteria,k__norank_d__Bacteria,p__Pseudomonadota,c__Gammaproteobacteria,o__Lysobacterales,f__Rhodanobacteraceae,g__unclassified_f__Rhodanobacteraceae,s__unclassified_f__Rhodanobacteraceae,ASV262,66,0.00015,0.08333
d__Bacteria,k__norank_d__Bacteria,p__Pseudomonadota,c__Alphaproteobacteria,o__Sphingomonadales,f__Sphingomonadaceae,g__Blastomonas,s__unclassified_g__Blastomonas,ASV602,64,0.00014,0.08333
d__Bacteria,k__norank_d__Bacteria,p__Pseudomonadota,c__Gammaproteobacteria,o__Pseudomonadales,f__Cellvibrionaceae,g__Cellvibrio,s__unclassified_g__Cellvibrio,ASV280,57,0.00013,0.08333
d__Bacteria,k__norank_d__Bacteria,p__Pseudomonadota,c__Gammaproteobacteria,o__unclassified_c__Gammaproteobacteria,f__unclassified_c__Gammaproteobacteria,g__unclassified_c__Gammaproteobacteria,s__unclassified_c__Gammaproteobacteria,ASV283,56,0.00013,0.08333
d__Bacteria,k__norank_d__Bacteria,p__Pseudomonadota,c__Alphaproteobacteria,o__Hyphomicrobiales,f__Xanthobacteraceae,g__Bradyrhizobium,s__unclassified_g__Bradyrhizobium,ASV288,53,0.00012,0.08333
d__Bacteria,k__norank_d__Bacteria,p__Actinomycetota,c__Thermoleophilia,o__Solirubrobacterales,f__Solirubrobacteraceae,g__norank_f__Solirubrobacteraceae,s__Colobanthus_quitensis_f__Solirubrobacteraceae,ASV292,45,0.0001,0.08333
d__Bacteria,k__norank_d__Bacteria,p__Actinomycetota,c__Actinobacteria,o__Micrococcales,f__Micrococcaceae,g__Rothia,s__unclassified_g__Rothia,ASV508,61,0.00014,0.08333
d__Bacteria,k__norank_d__Bacteria,p__Bacillota,c__Bacilli,o__Erysipelotrichales,f__Erysipelotrichaceae,g__Faecalibaculum,s__unclassified_g__Faecalibaculum,ASV394,114,0.00026,0.08333
d__Bacteria,k__norank_d__Bacteria,p__Bacillota,c__Bacilli,o__Bacillales,f__Planococcaceae,g__Lysinibacillus,s__unclassified_g__Lysinibacillus,ASV486,104,0.00023,0.08333
d__Bacteria,k__norank_d__Bacteria,p__Bacteroidota,c__Bacteroidia,o__Flavobacteriales,f__Weeksellaceae,g__Chryseobacterium,s__unclassified_g__Chryseobacterium,ASV729,114,0.00026,0.08333
d__Bacteria,k__norank_d__Bacteria,p__Pseudomonadota,c__Alphaproteobacteria,o__Hyphomicrobiales,f__Beijerinckiaceae,g__Methylobacterium,s__unclassified_g__Methylobacterium,ASV687,83,0.00019,0.08333
d__Bacteria,k__norank_d__Bacteria,p__Pseudomonadota,c__Gammaproteobacteria,o__Burkholderiales,f__Burkholderiaceae,g__Burkholderia-Caballeronia-Paraburkholderia,s__unclassified_g__Burkholderia-Caballeronia-Paraburkholderia,ASV140,94,0.00021,0.08333
d__Bacteria,k__norank_d__Bacteria,p__Chloroflexota,c__Chloroflexia,o__Thermomicrobiales,f__JG30-KF-CM45,g__norank_f__JG30-KF-CM45,s__uncultured_bacterium_f__JG30-KF-CM45,ASV252,86,0.00019,0.08333
d__Bacteria,k__norank_d__Bacteria,p__Bacillota,c__Bacilli,o__Alicyclobacillales,f__Alicyclobacillaceae,g__Alicyclobacillus,s__uncultured_Alicyclobacillus_sp._g__Alicyclobacillus,ASV438,83,0.00019,0.08333
d__Bacteria,k__norank_d__Bacteria,p__Pseudomonadota,c__Alphaproteobacteria,o__Sphingomonadales,f__Sphingomonadaceae,g__Sphingomonas,s__unclassified_g__Sphingomonas,ASV48,88,0.0002,0.08333
d__Bacteria,k__norank_d__Bacteria,p__Pseudomonadota,c__Alphaproteobacteria,o__Sphingomonadales,f__Sphingomonadaceae,g__unclassified_f__Sphingomonadaceae,s__unclassified_f__Sphingomonadaceae,ASV405,79,0.00018,0.08333
d__Bacteria,k__norank_d__Bacteria,p__Gemmatimonadota,c__Longimicrobiia,o__Longimicrobiales,f__Longimicrobiaceae,g__norank_f__Longimicrobiaceae,s__metagenome_f__Longimicrobiaceae,ASV261,69,0.00016,0.08333
d__Bacteria,k__norank_d__Bacteria,p__Pseudomonadota,c__Gammaproteobacteria,o__Burkholderiales,f__Comamonadaceae,g__Aquabacterium,s__unclassified_g__Aquabacterium,ASV598,73,0.00016,0.08333
d__Bacteria,k__norank_d__Bacteria,p__Pseudomonadota,c__Alphaproteobacteria,o__Sphingomonadales,f__Sphingomonadaceae,g__Sphingomonas,s__unclassified_g__Sphingomonas,ASV665,80,0.00018,0.08333
d__Bacteria,k__norank_d__Bacteria,p__Pseudomonadota,c__Gammaproteobacteria,o__Lysobacterales,f__Lysobacteraceae,g__Stenotrophomonas,s__unclassified_g__Stenotrophomonas,ASV667,78,0.00018,0.08333
d__Bacteria,k__norank_d__Bacteria,p__Verrucomicrobiota,c__Verrucomicrobiia,o__Pedosphaerales,f__Pedosphaeraceae,g__Ellin517,s__unclassified_g__Ellin517,ASV276,61,0.00014,0.08333
d__Bacteria,k__norank_d__Bacteria,p__Bacteroidota,c__Bacteroidia,o__Flavobacteriales,f__Flavobacteriaceae,g__Capnocytophaga,s__Capnocytophaga_leadbetteri,ASV503,66,0.00015,0.08333
d__Bacteria,k__norank_d__Bacteria,p__Pseudomonadota,c__Alphaproteobacteria,o__Hyphomicrobiales,f__Beijerinckiaceae,g__Enterovirga,s__uncultured_bacterium_g__Enterovirga,ASV504,54,0.00012,0.08333
d__Bacteria,k__norank_d__Bacteria,p__Pseudomonadota,c__Gammaproteobacteria,o__Burkholderiales,f__Rhodocyclaceae,g__Azovibrio,s__uncultured_bacterium_g__Azovibrio,ASV285,59,0.00013,0.08333
d__Bacteria,k__norank_d__Bacteria,p__Campylobacterota,c__Campylobacteria,o__Campylobacterales,f__Arcobacteraceae,g__Arcobacter,s__unclassified_g__Arcobacter,ASV399,116,0.00026,0.08333
d__Bacteria,k__norank_d__Bacteria,p__Bacteroidota,c__Bacteroidia,o__Bacteroidales,f__Prevotellaceae,g__Prevotella,s__unclassified_g__Prevotella,ASV230,98,0.00022,0.08333
d__Bacteria,k__norank_d__Bacteria,p__Pseudomonadota,c__Alphaproteobacteria,o__Caulobacterales,f__Caulobacteraceae,g__Brevundimonas,s__unclassified_g__Brevundimonas,ASV683,101,0.00023,0.08333
d__Bacteria,k__norank_d__Bacteria,p__Bacteroidota,c__Bacteroidia,o__Bacteroidales,f__Prevotellaceae,g__Prevotella,s__unclassified_g__Prevotella,ASV133,106,0.00024,0.08333
d__Bacteria,k__norank_d__Bacteria,p__Pseudomonadota,c__Alphaproteobacteria,o__Hyphomicrobiales,f__Beijerinckiaceae,g__Methylobacterium,s__Methylobacterium_variabile,ASV685,93,0.00021,0.08333
d__Bacteria,k__norank_d__Bacteria,p__Bacillota,c__Negativicutes,o__Veillonellales-Selenomonadales,f__Veillonellaceae,g__Veillonella,s__unclassified_g__Veillonella,ASV136,102,0.00023,0.08333
d__Bacteria,k__norank_d__Bacteria,p__Bacillota,c__Negativicutes,o__Veillonellales-Selenomonadales,f__Veillonellaceae,g__Megasphaera,s__Megasphaera_micronuciformis,ASV240,88,0.0002,0.08333
d__Bacteria,k__norank_d__Bacteria,p__Bacteroidota,c__Bacteroidia,o__Bacteroidales,f__Prevotellaceae,g__norank_f__Prevotellaceae,s__uncultured_Bacteroidetes_bacterium_f__Prevotellaceae,ASV251,71,0.00016,0.08333
d__Bacteria,k__norank_d__Bacteria,p__Deinococcota,c__Deinococci,o__Deinococcales,f__Deinococcaceae,g__Deinococcus,s__unclassified_g__Deinococcus,ASV664,93,0.00021,0.08333
d__Bacteria,k__norank_d__Bacteria,p__Bacteroidota,c__Bacteroidia,o__Cytophagales,f__Microscillaceae,g__Ohtaekwangia,s__unclassified_g__Ohtaekwangia,ASV255,69,0.00016,0.08333
d__Bacteria,k__norank_d__Bacteria,p__Pseudomonadota,c__Alphaproteobacteria,o__Sphingomonadales,f__Sphingomonadaceae,g__Sphingomonas,s__unclassified_g__Sphingomonas,ASV404,83,0.00019,0.08333
d__Bacteria,k__norank_d__Bacteria,p__Pseudomonadota,c__Gammaproteobacteria,o__Acidithiobacillales,f__Acidithiobacillaceae,g__KCM-B-112,s__uncultured_soil_bacterium_g__KCM-B-112,ASV260,67,0.00015,0.08333
d__Bacteria,k__norank_d__Bacteria,p__Pseudomonadota,c__Gammaproteobacteria,o__Pseudomonadales,f__Moraxellaceae,g__Acinetobacter,s__unclassified_g__Acinetobacter,ASV736,74,0.00017,0.08333
d__Bacteria,k__norank_d__Bacteria,p__Actinomycetota,c__Thermoleophilia,o__Solirubrobacterales,f__Solirubrobacteraceae,g__norank_f__Solirubrobacteraceae,s__Colobanthus_quitensis_f__Solirubrobacteraceae,ASV272,54,0.00012,0.08333
d__Bacteria,k__norank_d__Bacteria,p__Pseudomonadota,c__Gammaproteobacteria,o__Burkholderiales,f__Comamonadaceae,g__unclassified_f__Comamonadaceae,s__unclassified_f__Comamonadaceae,ASV151,69,0.00016,0.08333
d__Bacteria,k__norank_d__Bacteria,p__Pseudomonadota,c__Alphaproteobacteria,o__Hyphomicrobiales,f__Beijerinckiaceae,g__Methylobacterium,s__unclassified_g__Methylobacterium,ASV152,67,0.00015,0.08333
d__Bacteria,k__norank_d__Bacteria,p__Dadabacteria,c__Dadabacteriia,o__Dadabacteriales,f__norank_o__Dadabacteriales,g__norank_o__Dadabacteriales,s__uncultured_candidate_division_SBR1093_bacterium,ASV608,58,0.00013,0.08333
d__Bacteria,k__norank_d__Bacteria,p__Actinomycetota,c__Actinobacteria,o__Propionibacteriales,f__Nocardioidaceae,g__Nocardioides,s__unclassified_g__Nocardioides,ASV290,48,0.00011,0.08333
d__Bacteria,k__norank_d__Bacteria,p__Pseudomonadota,c__Gammaproteobacteria,o__Burkholderiales,f__Neisseriaceae,g__Eikenella,s__uncultured_bacterium_g__Eikenella,ASV126,117,0.00026,0.08333
d__Bacteria,k__norank_d__Bacteria,p__Actinomycetota,c__Actinobacteria,o__Actinomycetales,f__Actinomycetaceae,g__Actinomyces,s__unclassified_g__Actinomyces,ASV131,109,0.00025,0.08333
d__Bacteria,k__norank_d__Bacteria,p__Actinomycetota,c__Actinobacteria,o__Frankiales,f__norank_o__Frankiales,g__norank_o__Frankiales,s__unclassified_g__norank_o__Frankiales,ASV236,85,0.00019,0.08333
d__Bacteria,k__norank_d__Bacteria,p__Bacillota,c__Bacilli,o__Lactobacillales,f__Lactobacillaceae,g__Lacticaseibacillus,s__unclassified_g__Lacticaseibacillus,ASV41,93,0.00021,0.08333
d__Bacteria,k__norank_d__Bacteria,p__Pseudomonadota,c__Gammaproteobacteria,o__Burkholderiales,f__Oxalobacteraceae,g__Massilia,s__unclassified_g__Massilia,ASV662,102,0.00023,0.08333
d__Bacteria,k__norank_d__Bacteria,p__Bacillota,c__Clostridia,o__Clostridia_UCG-014,f__norank_o__Clostridia_UCG-014,g__norank_o__Clostridia_UCG-014,s__unclassified_g__norank_o__Clostridia_UCG-014,ASV241,88,0.0002,0.08333
d__Bacteria,k__norank_d__Bacteria,p__Bacillota,c__Negativicutes,o__Veillonellales-Selenomonadales,f__Veillonellaceae,g__Veillonella,s__unclassified_g__Veillonella,ASV243,84,0.00019,0.08333
d__Bacteria,k__norank_d__Bacteria,p__Pseudomonadota,c__Alphaproteobacteria,o__Sphingomonadales,f__Sphingomonadaceae,g__unclassified_f__Sphingomonadaceae,s__unclassified_f__Sphingomonadaceae,ASV245,83,0.00019,0.08333
d__Bacteria,k__norank_d__Bacteria,p__Bacillota,c__Bacilli,o__Lactobacillales,f__Streptococcaceae,g__Streptococcus,s__unclassified_g__Streptococcus,ASV249,85,0.00019,0.08333
d__Bacteria,k__norank_d__Bacteria,p__Planctomycetota,c__Phycisphaerae,o__Phycisphaerales,f__Phycisphaeraceae,g__SM1A02,s__uncultured_bacterium_g__SM1A02,ASV595,76,0.00017,0.08333
d__Bacteria,k__norank_d__Bacteria,p__Bacillota,c__Bacilli,o__unclassified_c__Bacilli,f__unclassified_c__Bacilli,g__unclassified_c__Bacilli,s__unclassified_c__Bacilli,ASV439,84,0.00019,0.08333
d__Bacteria,k__norank_d__Bacteria,p__Pseudomonadota,c__Alphaproteobacteria,o__Sphingomonadales,f__Sphingomonadaceae,g__Sphingomonas,s__unclassified_g__Sphingomonas,ASV407,82,0.00018,0.08333
d__Bacteria,k__norank_d__Bacteria,p__Pseudomonadota,c__Alphaproteobacteria,o__Hyphomicrobiales,f__Rhizobiaceae,g__Rhizobium,s__unclassified_g__Rhizobium,ASV408,76,0.00017,0.08333
d__Bacteria,k__norank_d__Bacteria,p__Pseudomonadota,c__Alphaproteobacteria,o__Rhodobacterales,f__Paracoccaceae,g__Paracoccus,s__unclassified_g__Paracoccus,ASV666,82,0.00018,0.08333
d__Bacteria,k__norank_d__Bacteria,p__Acidobacteriota,c__Vicinamibacteria,o__Vicinamibacterales,f__Vicinamibacteraceae,g__norank_f__Vicinamibacteraceae,s__unclassified_g__norank_f__Vicinamibacteraceae,ASV267,61,0.00014,0.08333
d__Bacteria,k__norank_d__Bacteria,p__Pseudomonadota,c__Gammaproteobacteria,o__Gammaproteobacteria_,f__norank_o__Gammaproteobacteria_,g__Acidibacter,s__unclassified_g__Acidibacter,ASV540,71,0.00016,0.08333
d__Bacteria,k__norank_d__Bacteria,p__Pseudomonadota,c__Gammaproteobacteria,o__Acidithiobacillales,f__Acidithiobacillaceae,g__KCM-B-112,s__uncultured_soil_bacterium_g__KCM-B-112,ASV271,62,0.00014,0.08333
d__Bacteria,k__norank_d__Bacteria,p__Pseudomonadota,c__Alphaproteobacteria,o__Sphingomonadales,f__Sphingomonadaceae,g__Sphingomonas,s__unclassified_g__Sphingomonas,ASV445,70,0.00016,0.08333
d__Bacteria,k__norank_d__Bacteria,p__Pseudomonadota,c__Gammaproteobacteria,o__Burkholderiales,f__Alcaligenaceae,g__Bordetella,s__unclassified_g__Bordetella,ASV411,66,0.00015,0.08333
d__Bacteria,k__norank_d__Bacteria,p__Bacteroidota,c__Bacteroidia,o__Flavobacteriales,f__Weeksellaceae,g__Chryseobacterium,s__unclassified_g__Chryseobacterium,ASV155,58,0.00013,0.08333
d__Bacteria,k__norank_d__Bacteria,p__Pseudomonadota,c__Gammaproteobacteria,o__Burkholderiales,f__Nitrosomonadaceae,g__Nitrosomonas,s__unclassified_g__Nitrosomonas,ASV175,111,0.00025,0.16667
d__Bacteria,k__norank_d__Bacteria,p__Pseudomonadota,c__Gammaproteobacteria,o__Pseudomonadales,f__Pseudomonadaceae,g__Pseudomonas,s__unclassified_g__Pseudomonas,ASV587,103,0.00023,0.08333
d__Bacteria,k__norank_d__Bacteria,p__Pseudomonadota,c__Alphaproteobacteria,o__Sphingomonadales,f__Sphingomonadaceae,g__Sphingomonas,s__unclassified_g__Sphingomonas,ASV235,99,0.00022,0.08333
d__Bacteria,k__norank_d__Bacteria,p__Bacillota,c__Bacilli,o__Lactobacillales,f__Aerococcaceae,g__Aerococcus,s__unclassified_g__Aerococcus,ASV661,103,0.00023,0.08333
d__Bacteria,k__norank_d__Bacteria,p__Pseudomonadota,c__Alphaproteobacteria,o__Hyphomicrobiales,f__Rhizobiaceae,g__Mesorhizobium,s__unclassified_g__Mesorhizobium,ASV534,89,0.0002,0.08333
d__Bacteria,k__norank_d__Bacteria,p__Acidobacteriota,c__Acidobacteriae,o__Solibacterales,f__Solibacteraceae,g__Candidatus_Solibacter,s__unclassified_g__Candidatus_Solibacter,ASV594,88,0.0002,0.08333
d__Bacteria,k__norank_d__Bacteria,p__Bacillota,c__Bacilli,o__Paenibacillales,f__Paenibacillaceae,g__Paenibacillus,s__unclassified_g__Paenibacillus,ASV535,86,0.00019,0.08333
d__Bacteria,k__norank_d__Bacteria,p__Pseudomonadota,c__Gammaproteobacteria,o__Burkholderiales,f__Burkholderiaceae,g__Burkholderia-Caballeronia-Paraburkholderia,s__unclassified_g__Burkholderia-Caballeronia-Paraburkholderia,ASV690,83,0.00019,0.08333
d__Bacteria,k__norank_d__Bacteria,p__Pseudomonadota,c__Gammaproteobacteria,o__Pseudomonadales,f__Moraxellaceae,g__Acinetobacter,s__unclassified_g__Acinetobacter,ASV258,75,0.00017,0.08333
d__Bacteria,k__norank_d__Bacteria,p__Pseudomonadota,c__Gammaproteobacteria,o__Pseudomonadales,f__Pseudomonadaceae,g__Pseudomonas,s__unclassified_g__Pseudomonas,ASV56,64,0.00014,0.08333
d__Bacteria,k__norank_d__Bacteria,p__Pseudomonadota,c__Alphaproteobacteria,o__Acetobacterales,f__Acetobacteraceae,g__Craurococcus,s__uncultured_bacterium_g__Craurococcus,ASV485,110,0.00025,0.08333
d__Bacteria,k__norank_d__Bacteria,p__Ignavibacteriota,c__Ignavibacteria,o__Ignavibacteriales,f__Ignavibacteriaceae,g__Ignavibacterium,s__unclassified_g__Ignavibacterium,ASV124,118,0.00027,0.08333
d__Bacteria,k__norank_d__Bacteria,p__Acidobacteriota,c__Blastocatellia,o__11-24,f__norank_o__11-24,g__norank_o__11-24,s__uncultured_bacterium_o__11-24,ASV658,122,0.00028,0.08333
d__Bacteria,k__norank_d__Bacteria,p__Bacillota,c__Bacilli,o__Lactobacillales,f__Lactobacillaceae,g__Paucilactobacillus,s__unclassified_g__Paucilactobacillus,ASV38,115,0.00026,0.08333
d__Bacteria,k__norank_d__Bacteria,p__Bacillota,c__Bacilli,o__Staphylococcales,f__Gemellaceae,g__Gemella,s__unclassified_g__Gemella,ASV135,107,0.00024,0.08333
d__Bacteria,k__norank_d__Bacteria,p__Pseudomonadota,c__Gammaproteobacteria,o__Enterobacterales,f__unclassified_o__Enterobacterales,g__unclassified_o__Enterobacterales,s__unclassified_o__Enterobacterales,ASV592,91,0.00021,0.08333
d__Bacteria,k__norank_d__Bacteria,p__Pseudomonadota,c__Alphaproteobacteria,o__Sphingomonadales,f__Sphingomonadaceae,g__Sphingomonas,s__unclassified_g__Sphingomonas,ASV688,73,0.00016,0.08333
d__Bacteria,k__norank_d__Bacteria,p__Pseudomonadota,c__Alphaproteobacteria,o__Hyphomicrobiales,f__Beijerinckiaceae,g__Methylobacterium,s__unclassified_g__Methylobacterium,ASV765,112,0.00025,0.08333
d__Bacteria,k__norank_d__Bacteria,p__Cyanobacteriota,c__Cyanobacteriia,o__Cyanobacteriales,f__Chroococcidiopsaceae,g__Chroococcidiopsis_PCC_7203,s__unclassified_g__Chroococcidiopsis_PCC_7203,ASV593,88,0.0002,0.08333
d__Bacteria,k__norank_d__Bacteria,p__Bacillota,c__Bacilli,o__Bacillales,f__Bacillaceae,g__Weizmannia,s__unclassified_g__Weizmannia,ASV256,80,0.00018,0.08333
d__Bacteria,k__norank_d__Bacteria,p__Bacillota,c__Negativicutes,o__Veillonellales-Selenomonadales,f__Veillonellaceae,g__Veillonella,s__unclassified_g__Veillonella,ASV498,76,0.00017,0.08333
d__Bacteria,k__norank_d__Bacteria,p__Pseudomonadota,c__Alphaproteobacteria,o__Sphingomonadales,f__Sphingomonadaceae,g__unclassified_f__Sphingomonadaceae,s__unclassified_f__Sphingomonadaceae,ASV735,88,0.0002,0.08333
d__Bacteria,k__norank_d__Bacteria,p__Pseudomonadota,c__Gammaproteobacteria,o__Enterobacterales,f__Yersiniaceae,g__unclassified_f__Yersiniaceae,s__unclassified_f__Yersiniaceae,ASV51,76,0.00017,0.08333
d__Bacteria,k__norank_d__Bacteria,p__Pseudomonadota,c__Gammaproteobacteria,o__Pseudomonadales,f__Moraxellaceae,g__Acinetobacter,s__unclassified_g__Acinetobacter,ASV55,71,0.00016,0.08333
d__Bacteria,k__norank_d__Bacteria,p__Pseudomonadota,c__Gammaproteobacteria,o__Burkholderiales,f__Comamonadaceae,g__Acidovorax,s__unclassified_g__Acidovorax,ASV603,69,0.00016,0.08333
d__Bacteria,k__norank_d__Bacteria,p__unclassified_k__norank_d__Bacteria,c__unclassified_k__norank_d__Bacteria,o__unclassified_k__norank_d__Bacteria,f__unclassified_k__norank_d__Bacteria,g__unclassified_k__norank_d__Bacteria,s__unclassified_k__norank_d__Bacteria,ASV61,63,0.00014,0.08333
d__Bacteria,k__norank_d__Bacteria,p__Pseudomonadota,c__Gammaproteobacteria,o__Burkholderiales,f__Oxalobacteraceae,g__Massilia,s__unclassified_g__Massilia,ASV696,49,0.00011,0.08333
d__Bacteria,k__norank_d__Bacteria,p__Pseudomonadota,c__Alphaproteobacteria,o__Sphingomonadales,f__Sphingomonadaceae,g__Sphingomonas,s__unclassified_g__Sphingomonas,ASV156,57,0.00013,0.08333
d__Bacteria,k__norank_d__Bacteria,p__Actinomycetota,c__Actinobacteria,o__Mycobacteriales,f__Mycobacteriaceae,g__Mycobacterium,s__unclassified_g__Mycobacterium,ASV291,49,0.00011,0.08333
d__Bacteria,k__norank_d__Bacteria,p__Actinomycetota,c__Actinobacteria,o__Micrococcales,f__Micrococcaceae,g__unclassified_f__Micrococcaceae,s__unclassified_f__Micrococcaceae,ASV509,55,0.00012,0.08333
d__Bacteria,k__norank_d__Bacteria,p__Bdellovibrionota,c__Bacteriovoracia,o__Bacteriovoracales,f__Bacteriovoracaceae,g__Peredibacter,s__unclassified_g__Peredibacter,ASV682,116,0.00026,0.08333
d__Bacteria,k__norank_d__Bacteria,p__Pseudomonadota,c__Alphaproteobacteria,o__Sphingomonadales,f__Sphingomonadaceae,g__Sphingomonas,s__unclassified_g__Sphingomonas,ASV726,131,0.0003,0.08333
d__Bacteria,k__norank_d__Bacteria,p__Bacillota,c__Negativicutes,o__Veillonellales-Selenomonadales,f__Selenomonadaceae,g__unclassified_f__Selenomonadaceae,s__unclassified_f__Selenomonadaceae,ASV132,106,0.00024,0.08333
d__Bacteria,k__norank_d__Bacteria,p__Pseudomonadota,c__Alphaproteobacteria,o__Sphingomonadales,f__Sphingomonadaceae,g__Sphingomonas,s__unclassified_g__Sphingomonas,ASV764,113,0.00025,0.08333
d__Bacteria,k__norank_d__Bacteria,p__Pseudomonadota,c__Alphaproteobacteria,o__Caulobacterales,f__Caulobacteraceae,g__Phenylobacterium,s__unclassified_g__Phenylobacterium,ASV244,82,0.00018,0.08333
d__Bacteria,k__norank_d__Bacteria,p__Pseudomonadota,c__Gammaproteobacteria,o__Pseudomonadales,f__Moraxellaceae,g__Acinetobacter,s__unclassified_g__Acinetobacter,ASV732,104,0.00023,0.08333
d__Bacteria,k__norank_d__Bacteria,p__Patescibacteria,c__ABY1,o__unclassified_c__ABY1,f__unclassified_c__ABY1,g__unclassified_c__ABY1,s__unclassified_c__ABY1,ASV142,88,0.0002,0.08333
d__Bacteria,k__norank_d__Bacteria,p__Bacillota,c__Bacilli,o__Lactobacillales,f__Lactobacillaceae,g__unclassified_f__Lactobacillaceae,s__unclassified_f__Lactobacillaceae,ASV54,73,0.00016,0.08333
d__Bacteria,k__norank_d__Bacteria,p__Bacteroidota,c__Bacteroidia,o__Sphingobacteriales,f__Sphingobacteriaceae,g__Sphingobacterium,s__unclassified_g__Sphingobacterium,ASV607,55,0.00012,0.08333
d__Bacteria,k__norank_d__Bacteria,p__Bacteroidota,c__Bacteroidia,o__Flavobacteriales,f__Weeksellaceae,g__Chryseobacterium,s__unclassified_g__Chryseobacterium,ASV428,120,0.00027,0.08333
d__Bacteria,k__norank_d__Bacteria,p__Pseudomonadota,c__Gammaproteobacteria,o__Pseudomonadales,f__Moraxellaceae,g__Acinetobacter,s__unclassified_g__Acinetobacter,ASV659,122,0.00028,0.08333
d__Bacteria,k__norank_d__Bacteria,p__Pseudomonadota,c__Alphaproteobacteria,o__Sphingomonadales,f__Sphingomonadaceae,g__unclassified_f__Sphingomonadaceae,s__unclassified_f__Sphingomonadaceae,ASV589,91,0.00021,0.08333
d__Bacteria,k__norank_d__Bacteria,p__Pseudomonadota,c__Gammaproteobacteria,o__Pseudomonadales,f__Moraxellaceae,g__Acinetobacter,s__unclassified_g__Acinetobacter,ASV531,105,0.00024,0.08333
d__Bacteria,k__norank_d__Bacteria,p__Pseudomonadota,c__Gammaproteobacteria,o__Burkholderiales,f__Burkholderiaceae,g__Cupriavidus,s__unclassified_g__Cupriavidus,ASV75,91,0.00021,0.25
d__Bacteria,k__norank_d__Bacteria,p__Bacteroidota,c__Bacteroidia,o__Flavobacteriales,f__Flavobacteriaceae,g__Flavobacterium,s__unclassified_g__Flavobacterium,ASV434,94,0.00021,0.08333
d__Bacteria,k__norank_d__Bacteria,p__Pseudomonadota,c__Alphaproteobacteria,o__Hyphomicrobiales,f__Xanthobacteraceae,g__Bradyrhizobium,s__unclassified_g__Bradyrhizobium,ASV403,91,0.00021,0.08333
d__Bacteria,k__norank_d__Bacteria,p__Bacteroidota,c__Bacteroidia,o__Flavobacteriales,f__Flavobacteriaceae,g__Capnocytophaga,s__unclassified_g__Capnocytophaga,ASV145,79,0.00018,0.08333
d__Bacteria,k__norank_d__Bacteria,p__Pseudomonadota,c__Alphaproteobacteria,o__Sphingomonadales,f__Sphingomonadaceae,g__Sphingomonas,s__unclassified_g__Sphingomonas,ASV257,76,0.00017,0.08333
d__Bacteria,k__norank_d__Bacteria,p__Pseudomonadota,c__Gammaproteobacteria,o__Burkholderiales,f__Burkholderiaceae,g__Burkholderia-Caballeronia-Paraburkholderia,s__unclassified_g__Burkholderia-Caballeronia-Paraburkholderia,ASV599,78,0.00018,0.08333
d__Bacteria,k__norank_d__Bacteria,p__Pseudomonadota,c__Alphaproteobacteria,o__Hyphomicrobiales,f__Beijerinckiaceae,g__Methylobacterium,s__unclassified_g__Methylobacterium,ASV691,58,0.00013,0.08333
d__Bacteria,k__norank_d__Bacteria,p__Actinomycetota,c__Actinobacteria,o__Micrococcales,f__Intrasporangiaceae,g__unclassified_f__Intrasporangiaceae,s__unclassified_f__Intrasporangiaceae,ASV273,61,0.00014,0.08333
d__Bacteria,k__norank_d__Bacteria,p__Pseudomonadota,c__Alphaproteobacteria,o__Sphingomonadales,f__Sphingomonadaceae,g__Sphingomonas,s__unclassified_g__Sphingomonas,ASV693,54,0.00012,0.08333
d__Bacteria,k__norank_d__Bacteria,p__Pseudomonadota,c__Alphaproteobacteria,o__Hyphomicrobiales,f__Rhizobiaceae,g__unclassified_f__Rhizobiaceae,s__unclassified_f__Rhizobiaceae,ASV279,54,0.00012,0.08333
d__Bacteria,k__norank_d__Bacteria,p__Pseudomonadota,c__Gammaproteobacteria,o__Burkholderiales,f__Oxalobacteraceae,g__Massilia,s__unclassified_g__Massilia,ASV618,64,0.00014,0.16667
d__Bacteria,k__norank_d__Bacteria,p__Bacillota,c__Bacilli,o__Staphylococcales,f__Staphylococcaceae,g__Staphylococcus,s__unclassified_g__Staphylococcus,ASV59,67,0.00015,0.08333
d__Bacteria,k__norank_d__Bacteria,p__Actinomycetota,c__Thermoleophilia,o__Solirubrobacterales,f__Solirubrobacteraceae,g__Baekduia,s__unclassified_g__Baekduia,ASV286,49,0.00011,0.08333
d__Bacteria,k__norank_d__Bacteria,p__Pseudomonadota,c__Alphaproteobacteria,o__Caulobacterales,f__Caulobacteraceae,g__Phenylobacterium,s__unclassified_g__Phenylobacterium,ASV294,39,9.0E-5,0.08333
d__Bacteria,k__norank_d__Bacteria,p__Pseudomonadota,c__Gammaproteobacteria,o__Burkholderiales,f__Burkholderiaceae,g__Burkholderia-Caballeronia-Paraburkholderia,s__unclassified_g__Burkholderia-Caballeronia-Paraburkholderia,ASV398,115,0.00026,0.08333
d__Bacteria,k__norank_d__Bacteria,p__Pseudomonadota,c__Alphaproteobacteria,o__Caulobacterales,f__Parvularculaceae,g__Amphiplicatus,s__uncultured_Rhizobiales_bacterium_g__Amphiplicatus,ASV397,111,0.00025,0.08333
d__Bacteria,k__norank_d__Bacteria,p__Pseudomonadota,c__Gammaproteobacteria,o__Pseudomonadales,f__Pseudomonadaceae,g__Pseudomonas,s__unclassified_g__Pseudomonas,ASV232,99,0.00022,0.08333
d__Bacteria,k__norank_d__Bacteria,p__Pseudomonadota,c__Gammaproteobacteria,o__Burkholderiales,f__Oxalobacteraceae,g__Massilia,s__unclassified_g__Massilia,ASV129,110,0.00025,0.08333
d__Bacteria,k__norank_d__Bacteria,p__Bacillota,c__Bacilli,o__Staphylococcales,f__Staphylococcaceae,g__Staphylococcus,s__unclassified_g__Staphylococcus,ASV488,109,0.00025,0.08333
d__Bacteria,k__norank_d__Bacteria,p__Pseudomonadota,c__Alphaproteobacteria,o__Sphingomonadales,f__Sphingomonadaceae,g__Sphingobium,s__Sphingobium_xenophagum,ASV66,112,0.00025,0.16667
d__Bacteria,k__norank_d__Bacteria,p__Pseudomonadota,c__Alphaproteobacteria,o__Holosporales,f__Holosporaceae,g__norank_f__Holosporaceae,s__unclassified_g__norank_f__Holosporaceae,ASV489,96,0.00022,0.08333
d__Bacteria,k__norank_d__Bacteria,p__Pseudomonadota,c__Alphaproteobacteria,o__Sphingomonadales,f__Sphingomonadaceae,g__unclassified_f__Sphingomonadaceae,s__unclassified_f__Sphingomonadaceae,ASV763,122,0.00028,0.08333
d__Bacteria,k__norank_d__Bacteria,p__Pseudomonadota,c__Gammaproteobacteria,o__Burkholderiales,f__Comamonadaceae,g__Aquabacterium,s__unclassified_g__Aquabacterium,ASV767,104,0.00023,0.08333
d__Bacteria,k__norank_d__Bacteria,p__Pseudomonadota,c__Alphaproteobacteria,o__Sphingomonadales,f__Sphingomonadaceae,g__Novosphingobium,s__unclassified_g__Novosphingobium,ASV43,89,0.0002,0.08333
d__Bacteria,k__norank_d__Bacteria,p__Gemmatimonadota,c__Gemmatimonadia,o__Gemmatimonadales,f__Gemmatimonadaceae,g__Gemmatimonas,s__unclassified_g__Gemmatimonas,ASV254,81,0.00018,0.08333
d__Bacteria,k__norank_d__Bacteria,p__Actinomycetota,c__Actinobacteria,o__Propionibacteriales,f__Nocardioidaceae,g__Nocardioides,s__unclassified_g__Nocardioides,ASV253,69,0.00016,0.08333
d__Bacteria,k__norank_d__Bacteria,p__Pseudomonadota,c__Gammaproteobacteria,o__Burkholderiales,f__Comamonadaceae,g__Aquabacterium,s__unclassified_g__Aquabacterium,ASV406,75,0.00017,0.08333
d__Bacteria,k__norank_d__Bacteria,p__Pseudomonadota,c__Gammaproteobacteria,o__Burkholderiales,f__Comamonadaceae,g__Acidovorax,s__unclassified_g__Acidovorax,ASV500,70,0.00016,0.08333
d__Bacteria,k__norank_d__Bacteria,p__Pseudomonadota,c__Alphaproteobacteria,o__Hyphomicrobiales,f__Xanthobacteraceae,g__Xanthobacter,s__unclassified_g__Xanthobacter,ASV269,63,0.00014,0.08333
d__Bacteria,k__norank_d__Bacteria,p__Dependentiae,c__Babeliae,o__Babeliales,f__Vermiphilaceae,g__norank_f__Vermiphilaceae,s__uncultured_bacterium_f__Vermiphilaceae,ASV541,64,0.00014,0.08333
d__Bacteria,k__norank_d__Bacteria,p__Cyanobacteriota,c__Sericytochromatia,o__norank_c__Sericytochromatia,f__norank_c__Sericytochromatia,g__norank_c__Sericytochromatia,s__uncultured_Bacillales_bacterium_c__Sericytochromatia,ASV604,64,0.00014,0.08333
d__Bacteria,k__norank_d__Bacteria,p__Pseudomonadota,c__Alphaproteobacteria,o__Hyphomicrobiales,f__Rhizobiaceae,g__unclassified_f__Rhizobiaceae,s__unclassified_f__Rhizobiaceae,ASV278,64,0.00014,0.08333
d__Bacteria,k__norank_d__Bacteria,p__unclassified_k__norank_d__Bacteria,c__unclassified_k__norank_d__Bacteria,o__unclassified_k__norank_d__Bacteria,f__unclassified_k__norank_d__Bacteria,g__unclassified_k__norank_d__Bacteria,s__unclassified_k__norank_d__Bacteria,ASV606,53,0.00012,0.08333
d__Bacteria,k__norank_d__Bacteria,p__Cyanobacteriota,c__Cyanobacteriia,o__Cyanobacteriales,f__Chroococcidiopsaceae,g__Chroococcidiopsis_SAG_2023,s__unclassified_g__Chroococcidiopsis_SAG_2023,ASV576,131,0.0003,0.08333
d__Bacteria,k__norank_d__Bacteria,p__Bacillota,c__Bacilli,o__Lactobacillales,f__Lactobacillaceae,g__Schleiferilactobacillus,s__Lactobacillus_harbinensis,ASV34,133,0.0003,0.08333
d__Bacteria,k__norank_d__Bacteria,p__Pseudomonadota,c__Gammaproteobacteria,o__Burkholderiales,f__Oxalobacteraceae,g__unclassified_f__Oxalobacteraceae,s__unclassified_f__Oxalobacteraceae,ASV583,112,0.00025,0.08333
d__Bacteria,k__norank_d__Bacteria,p__Pseudomonadota,c__Gammaproteobacteria,o__Burkholderiales,f__Comamonadaceae,g__Aquabacterium,s__unclassified_g__Aquabacterium,ASV436,91,0.00021,0.08333
d__Bacteria,k__norank_d__Bacteria,p__Gemmatimonadota,c__Longimicrobiia,o__Longimicrobiales,f__Longimicrobiaceae,g__Longimicrobium,s__uncultured_bacterium_g__Longimicrobium,ASV248,74,0.00017,0.08333
d__Bacteria,k__norank_d__Bacteria,p__Pseudomonadota,c__Gammaproteobacteria,o__Burkholderiales,f__Comamonadaceae,g__unclassified_f__Comamonadaceae,s__unclassified_f__Comamonadaceae,ASV537,79,0.00018,0.08333
d__Bacteria,k__norank_d__Bacteria,p__Pseudomonadota,c__Alphaproteobacteria,o__Hyphomicrobiales,f__Beijerinckiaceae,g__Methylobacterium,s__unclassified_g__Methylobacterium,ASV149,67,0.00015,0.16667
d__Bacteria,k__norank_d__Bacteria,p__Bacteroidota,c__Bacteroidia,o__Bacteroidales,f__Prevotellaceae,g__norank_f__Prevotellaceae,s__uncultured_Prevotella_sp._f__Prevotellaceae,ASV539,66,0.00015,0.08333
d__Bacteria,k__norank_d__Bacteria,p__Actinomycetota,c__Actinobacteria,o__Mycobacteriales,f__Nocardiaceae,g__Gordonia,s__unclassified_g__Gordonia,ASV268,63,0.00014,0.08333
d__Bacteria,k__norank_d__Bacteria,p__Pseudomonadota,c__Alphaproteobacteria,o__Hyphomicrobiales,f__Beijerinckiaceae,g__Methylobacterium,s__unclassified_g__Methylobacterium,ASV409,64,0.00014,0.08333
d__Bacteria,k__norank_d__Bacteria,p__Pseudomonadota,c__Gammaproteobacteria,o__Burkholderiales,f__Comamonadaceae,g__Aquabacterium,s__unclassified_g__Aquabacterium,ASV773,78,0.00018,0.08333
d__Bacteria,k__norank_d__Bacteria,p__Pseudomonadota,c__Alphaproteobacteria,o__Sphingomonadales,f__Sphingomonadaceae,g__Sphingomonas,s__unclassified_g__Sphingomonas,ASV282,51,0.00012,0.08333
d__Bacteria,k__norank_d__Bacteria,p__Chloroflexota,c__Chloroflexia,o__Thermomicrobiales,f__JG30-KF-CM45,g__norank_f__JG30-KF-CM45,s__uncultured_bacterium_f__JG30-KF-CM45,ASV284,52,0.00012,0.08333
d__Bacteria,k__norank_d__Bacteria,p__Pseudomonadota,c__Gammaproteobacteria,o__Burkholderiales,f__Burkholderiaceae,g__Burkholderia-Caballeronia-Paraburkholderia,s__unclassified_g__Burkholderia-Caballeronia-Paraburkholderia,ASV775,68,0.00015,0.08333
d__Bacteria,k__norank_d__Bacteria,p__Pseudomonadota,c__Gammaproteobacteria,o__Burkholderiales,f__Rhodocyclaceae,g__Zoogloea,s__uncultured_bacterium_g__Zoogloea,ASV507,54,0.00012,0.08333
d__Bacteria,k__norank_d__Bacteria,p__Actinomycetota,c__Actinobacteria,o__Micrococcales,f__Micrococcaceae,g__unclassified_f__Micrococcaceae,s__unclassified_f__Micrococcaceae,ASV127,114,0.00026,0.08333
d__Bacteria,k__norank_d__Bacteria,p__Pseudomonadota,c__Gammaproteobacteria,o__Burkholderiales,f__Oxalobacteraceae,g__Massilia,s__unclassified_g__Massilia,ASV686,91,0.00021,0.08333
d__Bacteria,k__norank_d__Bacteria,p__Myxococcota,c__bacteriap25,o__norank_c__bacteriap25,f__norank_c__bacteriap25,g__norank_c__bacteriap25,s__uncultured_soil_bacterium_c__bacteriap25,ASV431,103,0.00023,0.08333
d__Bacteria,k__norank_d__Bacteria,p__Pseudomonadota,c__Alphaproteobacteria,o__Sphingomonadales,f__Sphingomonadaceae,g__Sphingomonas,s__unclassified_g__Sphingomonas,ASV238,86,0.00019,0.08333
d__Bacteria,k__norank_d__Bacteria,p__Pseudomonadota,c__Gammaproteobacteria,o__Pseudomonadales,f__Moraxellaceae,g__Alkanindiges,s__uncultured_bacterium_g__Alkanindiges,ASV538,75,0.00017,0.08333
d__Bacteria,k__norank_d__Bacteria,p__SAR324_clade(Marine_group_B),c__norank_p__SAR324_clade(Marine_group_B),o__norank_p__SAR324_clade(Marine_group_B),f__norank_p__SAR324_clade(Marine_group_B),g__norank_p__SAR324_clade(Marine_group_B),s__uncultured_bacterium_p__SAR324_clade(Marine_group_B),ASV270,71,0.00016,0.08333
d__Bacteria,k__norank_d__Bacteria,p__Bacillota,c__Bacilli,o__Paenibacillales,f__Paenibacillaceae,g__Paenibacillus,s__unclassified_g__Paenibacillus,ASV443,71,0.00016,0.08333
d__Bacteria,k__norank_d__Bacteria,p__Gemmatimonadota,c__Gemmatimonadia,o__Gemmatimonadales,f__Gemmatimonadaceae,g__norank_f__Gemmatimonadaceae,s__unclassified_g__norank_f__Gemmatimonadaceae,ASV274,62,0.00014,0.08333
d__Bacteria,k__norank_d__Bacteria,p__Pseudomonadota,c__Alphaproteobacteria,o__Sphingomonadales,f__Sphingomonadaceae,g__Sphingomonas,s__unclassified_g__Sphingomonas,ASV772,79,0.00018,0.08333
d__Bacteria,k__norank_d__Bacteria,p__Actinomycetota,c__Actinobacteria,o__Micrococcales,f__Cellulomonadaceae,g__Cellulomonas,s__unclassified_g__Cellulomonas,ASV281,60,0.00014,0.08333
d__Bacteria,k__norank_d__Bacteria,p__Pseudomonadota,c__Alphaproteobacteria,o__Caulobacterales,f__Caulobacteraceae,g__Brevundimonas,s__unclassified_g__Brevundimonas,ASV289,50,0.00011,0.08333
d__Bacteria,k__norank_d__Bacteria,p__unclassified_k__norank_d__Bacteria,c__unclassified_k__norank_d__Bacteria,o__unclassified_k__norank_d__Bacteria,f__unclassified_k__norank_d__Bacteria,g__unclassified_k__norank_d__Bacteria,s__unclassified_k__norank_d__Bacteria,ASV697,52,0.00012,0.16667
d__Bacteria,k__norank_d__Bacteria,p__Pseudomonadota,c__Gammaproteobacteria,o__Enterobacterales,f__Enterobacteriaceae,g__unclassified_f__Enterobacteriaceae,s__unclassified_f__Enterobacteriaceae,ASV776,67,0.00015,0.08333
d__Bacteria,k__norank_d__Bacteria,p__Bacillota,c__Bacilli,o__Bacillales,f__Bacillaceae,g__Sutcliffiella,s__unclassified_g__Sutcliffiella,ASV725,127,0.00029,0.08333
d__Bacteria,k__norank_d__Bacteria,p__Pseudomonadota,c__Alphaproteobacteria,o__Hyphomicrobiales,f__Beijerinckiaceae,g__Methylobacterium,s__unclassified_g__Methylobacterium,ASV582,108,0.00024,0.08333
d__Bacteria,k__norank_d__Bacteria,p__Pseudomonadota,c__Alphaproteobacteria,o__Caulobacterales,f__Hyphomonadaceae,g__Hirschia,s__unclassified_g__Hirschia,ASV585,107,0.00024,0.08333
d__Bacteria,k__norank_d__Bacteria,p__Patescibacteria,c__Saccharimonadia,o__Saccharimonadales,f__LWQ8,g__norank_f__LWQ8,s__uncultured_bacterium_f__LWQ8,ASV588,103,0.00023,0.08333
d__Bacteria,k__norank_d__Bacteria,p__Pseudomonadota,c__Gammaproteobacteria,o__Burkholderiales,f__Comamonadaceae,g__Acidovorax,s__unclassified_g__Acidovorax,ASV614,111,0.00025,0.16667
d__Bacteria,k__norank_d__Bacteria,p__Pseudomonadota,c__Alphaproteobacteria,o__Sphingomonadales,f__Sphingomonadaceae,g__Sphingomonas,s__unclassified_g__Sphingomonas,ASV727,120,0.00027,0.08333
d__Bacteria,k__norank_d__Bacteria,p__Actinomycetota,c__Actinobacteria,o__Propionibacteriales,f__Nocardioidaceae,g__Aeromicrobium,s__unclassified_g__Aeromicrobium,ASV596,91,0.00021,0.08333
d__Bacteria,k__norank_d__Bacteria,p__Pseudomonadota,c__Alphaproteobacteria,o__Hyphomicrobiales,f__Beijerinckiaceae,g__Methylobacterium,s__unclassified_g__Methylobacterium,ASV53,72,0.00016,0.08333
d__Bacteria,k__norank_d__Bacteria,p__Bdellovibrionota,c__Bacteriovoracia,o__Bacteriovoracales,f__Bacteriovoracaceae,g__Peredibacter,s__unclassified_g__Peredibacter,ASV444,66,0.00015,0.08333
d__Bacteria,k__norank_d__Bacteria,p__Bacillota,c__Bacilli,o__Lactobacillales,f__Carnobacteriaceae,g__Granulicatella,s__unclassified_g__Granulicatella,ASV506,66,0.00015,0.08333
d__Bacteria,k__norank_d__Bacteria,p__Pseudomonadota,c__Gammaproteobacteria,o__Pseudomonadales,f__Moraxellaceae,g__Acinetobacter,s__unclassified_g__Acinetobacter,ASV695,54,0.00012,0.08333
d__Bacteria,k__norank_d__Bacteria,p__Pseudomonadota,c__Alphaproteobacteria,o__Caulobacterales,f__Caulobacteraceae,g__Brevundimonas,s__unclassified_g__Brevundimonas,ASV737,60,0.00014,0.08333
d__Bacteria,k__norank_d__Bacteria,p__Actinomycetota,c__Actinobacteria,o__Propionibacteriales,f__Nocardioidaceae,g__Nocardioides,s__unclassified_g__Nocardioides,ASV298,45,0.0001,0.08333
d__Bacteria,k__norank_d__Bacteria,p__Fusobacteriota,c__Fusobacteriia,o__Fusobacteriales,f__Leptotrichiaceae,g__Pseudoleptotrichia,s__unclassified_g__Pseudoleptotrichia,ASV160,53,0.00012,0.08333
d__Bacteria,k__norank_d__Bacteria,p__Pseudomonadota,c__Gammaproteobacteria,o__Burkholderiales,f__Oxalobacteraceae,g__Noviherbaspirillum,s__unclassified_g__Noviherbaspirillum,ASV296,51,0.00012,0.08333
d__Bacteria,k__norank_d__Bacteria,p__Bacteroidota,c__Bacteroidia,o__Flavobacteriales,f__Weeksellaceae,g__Chryseobacterium,s__unclassified_g__Chryseobacterium,ASV295,54,0.00012,0.08333
d__Bacteria,k__norank_d__Bacteria,p__Pseudomonadota,c__Alphaproteobacteria,o__Sphingomonadales,f__Sphingomonadaceae,g__Sphingomonas,s__unclassified_g__Sphingomonas,ASV510,53,0.00012,0.08333
d__Bacteria,k__norank_d__Bacteria,p__Pseudomonadota,c__Alphaproteobacteria,o__Sphingomonadales,f__Sphingomonadaceae,g__Sphingomonas,s__unclassified_g__Sphingomonas,ASV297,52,0.00012,0.08333
d__Bacteria,k__norank_d__Bacteria,p__Bacteroidota,c__Bacteroidia,o__Bacteroidales,f__Prevotellaceae,g__Segatella,s__Prevotella_salivae,ASV163,52,0.00012,0.08333
d__Bacteria,k__norank_d__Bacteria,p__Pseudomonadota,c__Gammaproteobacteria,o__Burkholderiales,f__Burkholderiaceae,g__Burkholderia-Caballeronia-Paraburkholderia,s__unclassified_g__Burkholderia-Caballeronia-Paraburkholderia,ASV299,48,0.00011,0.08333
d__Bacteria,k__norank_d__Bacteria,p__Pseudomonadota,c__Alphaproteobacteria,o__Hyphomicrobiales,f__Xanthobacteraceae,g__Xanthobacter,s__unclassified_g__Xanthobacter,ASV698,49,0.00011,0.08333
d__Bacteria,k__norank_d__Bacteria,p__Actinomycetota,c__Actinobacteria,o__Propionibacteriales,f__Nocardioidaceae,g__Nocardioides,s__unclassified_g__Nocardioides,ASV306,46,0.0001,0.08333
d__Bacteria,k__norank_d__Bacteria,p__Actinomycetota,c__Actinobacteria,o__Actinomycetales,f__Actinomycetaceae,g__Actinomyces,s__Actinomyces_graevenitzii,ASV513,41,9.0E-5,0.08333
d__Bacteria,k__norank_d__Bacteria,p__Bacillota,c__Bacilli,o__Staphylococcales,f__Gemellaceae,g__Gemella,s__unclassified_g__Gemella,ASV176,40,9.0E-5,0.08333
d__Bacteria,k__norank_d__Bacteria,p__Bacillota,c__Bacilli,o__Staphylococcales,f__Staphylococcaceae,g__Staphylococcus,s__unclassified_g__Staphylococcus,ASV452,33,7.0E-5,0.08333
d__Bacteria,k__norank_d__Bacteria,p__unclassified_k__norank_d__Bacteria,c__unclassified_k__norank_d__Bacteria,o__unclassified_k__norank_d__Bacteria,f__unclassified_k__norank_d__Bacteria,g__unclassified_k__norank_d__Bacteria,s__unclassified_k__norank_d__Bacteria,ASV704,25,6.0E-5,0.08333
d__Bacteria,k__norank_d__Bacteria,p__Myxococcota,c__Myxococcia,o__Myxococcales,f__Myxococcaceae,g__unclassified_f__Myxococcaceae,s__unclassified_f__Myxococcaceae,ASV361,14,3.0E-5,0.08333
d__Bacteria,k__norank_d__Bacteria,p__Bacillota,c__Bacilli,o__Exiguobacterales,f__Exiguobacteraceae,g__Exiguobacterium,s__unclassified_g__Exiguobacterium,ASV635,8,2.0E-5,0.08333
d__Bacteria,k__norank_d__Bacteria,p__Planctomycetota,c__Phycisphaerae,o__Tepidisphaerales,f__WD2101_soil_group,g__norank_f__WD2101_soil_group,s__unclassified_g__norank_f__WD2101_soil_group,ASV366,7,2.0E-5,0.08333
d__Bacteria,k__norank_d__Bacteria,p__Pseudomonadota,c__Gammaproteobacteria,o__Burkholderiales,f__Comamonadaceae,g__Acidovorax,s__unclassified_g__Acidovorax,ASV373,5,1.0E-5,0.08333
d__Bacteria,k__norank_d__Bacteria,p__Pseudomonadota,c__Alphaproteobacteria,o__Dongiales,f__Dongiaceae,g__Dongia,s__unclassified_g__Dongia,ASV168,48,0.00011,0.08333
d__Bacteria,k__norank_d__Bacteria,p__Actinomycetota,c__Actinobacteria,o__Kineosporiales,f__Kineosporiaceae,g__Quadrisphaera,s__Quadrisphaera_granulorum,ASV610,52,0.00012,0.08333
d__Bacteria,k__norank_d__Bacteria,p__Deinococcota,c__Deinococci,o__Deinococcales,f__Deinococcaceae,g__Deinococcus,s__Deinococcus_wulumuqiensis,ASV543,52,0.00012,0.08333
d__Bacteria,k__norank_d__Bacteria,p__Bacillota,c__Limnochordia,o__Limnochordales,f__norank_o__Limnochordales,g__norank_o__Limnochordales,s__uncultured_bacterium_o__Limnochordales,ASV777,60,0.00014,0.08333
d__Bacteria,k__norank_d__Bacteria,p__Gemmatimonadota,c__Longimicrobiia,o__Longimicrobiales,f__Longimicrobiaceae,g__Longimicrobium,s__uncultured_bacterium_g__Longimicrobium,ASV310,41,9.0E-5,0.08333
d__Bacteria,k__norank_d__Bacteria,p__Pseudomonadota,c__Gammaproteobacteria,o__Burkholderiales,f__Comamonadaceae,g__Malikia,s__unclassified_g__Malikia,ASV670,43,0.0001,0.08333
d__Bacteria,k__norank_d__Bacteria,p__Pseudomonadota,c__Gammaproteobacteria,o__Burkholderiales,f__Comamonadaceae,g__Aquabacterium,s__unclassified_g__Aquabacterium,ASV548,38,9.0E-5,0.08333
d__Bacteria,k__norank_d__Bacteria,p__Pseudomonadota,c__Gammaproteobacteria,o__Burkholderiales,f__Comamonadaceae,g__unclassified_f__Comamonadaceae,s__unclassified_f__Comamonadaceae,ASV324,26,6.0E-5,0.08333
d__Bacteria,k__norank_d__Bacteria,p__Pseudomonadota,c__Alphaproteobacteria,o__Hyphomicrobiales,f__Pleomorphomonadaceae,g__Pinisolibacter,s__unclassified_g__Pinisolibacter,ASV332,23,5.0E-5,0.08333
d__Bacteria,k__norank_d__Bacteria,p__Pseudomonadota,c__Alphaproteobacteria,o__Hyphomicrobiales,f__Rhizobiaceae,g__Rhizobium,s__unclassified_g__Rhizobium,ASV419,15,3.0E-5,0.08333
d__Bacteria,k__norank_d__Bacteria,p__Gemmatimonadota,c__Longimicrobiia,o__Longimicrobiales,f__Longimicrobiaceae,g__norank_f__Longimicrobiaceae,s__metagenome_f__Longimicrobiaceae,ASV350,17,4.0E-5,0.08333
d__Bacteria,k__norank_d__Bacteria,p__Pseudomonadota,c__Gammaproteobacteria,o__Pseudomonadales,f__Pseudomonadaceae,g__Pseudomonas,s__unclassified_g__Pseudomonas,ASV524,15,3.0E-5,0.08333
d__Bacteria,k__norank_d__Bacteria,p__Pseudomonadota,c__Gammaproteobacteria,o__Enterobacterales,f__Yersiniaceae,g__Serratia,s__unclassified_g__Serratia,ASV642,1,2.25561e-6,0.08333
d__Bacteria,k__norank_d__Bacteria,p__Fusobacteriota,c__Fusobacteriia,o__Fusobacteriales,f__Leptotrichiaceae,g__Pseudoleptotrichia,s__uncultured_bacterium_g__Pseudoleptotrichia,ASV159,60,0.00014,0.08333
d__Bacteria,k__norank_d__Bacteria,p__Pseudomonadota,c__Alphaproteobacteria,o__Micavibrionales,f__norank_o__Micavibrionales,g__norank_o__Micavibrionales,s__uncultured_bacterium_o__Micavibrionales,ASV612,50,0.00011,0.08333
d__Bacteria,k__norank_d__Bacteria,p__Pseudomonadota,c__Alphaproteobacteria,o__Sphingomonadales,f__Sphingomonadaceae,g__norank_f__Sphingomonadaceae,s__unclassified_g__norank_f__Sphingomonadaceae,ASV64,48,0.00011,0.08333
d__Bacteria,k__norank_d__Bacteria,p__Pseudomonadota,c__Gammaproteobacteria,o__Gammaproteobacteria_,f__norank_o__Gammaproteobacteria_,g__Acidibacter,s__unclassified_g__Acidibacter,ASV165,48,0.00011,0.08333
d__Bacteria,k__norank_d__Bacteria,p__Bacillota,c__Bacilli,o__Lactobacillales,f__Streptococcaceae,g__Streptococcus,s__unclassified_g__Streptococcus,ASV170,45,0.0001,0.08333
d__Bacteria,k__norank_d__Bacteria,p__Pseudomonadota,c__Alphaproteobacteria,o__unclassified_c__Alphaproteobacteria,f__unclassified_c__Alphaproteobacteria,g__unclassified_c__Alphaproteobacteria,s__unclassified_c__Alphaproteobacteria,ASV616,40,9.0E-5,0.08333
d__Bacteria,k__norank_d__Bacteria,p__Bacillota,c__Bacilli,o__Lactobacillales,f__Lactobacillaceae,g__Ligilactobacillus,s__Lactobacillus_aviarius,ASV778,47,0.00011,0.08333
d__Bacteria,k__norank_d__Bacteria,p__Bacillota,c__Bacilli,o__Erysipelotrichales,f__Erysipelotrichaceae,g__[Clostridium]_innocuum_group,s__unclassified_g__[Clostridium]_innocuum_group,ASV316,32,7.0E-5,0.08333
d__Bacteria,k__norank_d__Bacteria,p__Bacillota,c__Bacilli,o__Lactobacillales,f__Streptococcaceae,g__Streptococcus,s__unclassified_g__Streptococcus,ASV325,31,7.0E-5,0.08333
d__Bacteria,k__norank_d__Bacteria,p__Pseudomonadota,c__Gammaproteobacteria,o__Burkholderiales,f__Comamonadaceae,g__Aquabacterium,s__unclassified_g__Aquabacterium,ASV743,37,8.0E-5,0.08333
d__Bacteria,k__norank_d__Bacteria,p__Pseudomonadota,c__Gammaproteobacteria,o__Burkholderiales,f__unclassified_o__Burkholderiales,g__unclassified_o__Burkholderiales,s__unclassified_o__Burkholderiales,ASV331,28,6.0E-5,0.08333
d__Bacteria,k__norank_d__Bacteria,p__Pseudomonadota,c__Alphaproteobacteria,o__Hyphomicrobiales,f__Beijerinckiaceae,g__Methylobacterium,s__unclassified_g__Methylobacterium,ASV517,27,6.0E-5,0.08333
d__Bacteria,k__norank_d__Bacteria,p__Actinomycetota,c__Actinobacteria,o__Mycobacteriales,f__Corynebacteriaceae,g__Corynebacterium,s__unclassified_g__Corynebacterium,ASV455,24,5.0E-5,0.08333
d__Bacteria,k__norank_d__Bacteria,p__Pseudomonadota,c__Gammaproteobacteria,o__Burkholderiales,f__Nitrosomonadaceae,g__Ellin6067,s__unclassified_g__Ellin6067,ASV345,17,4.0E-5,0.08333
d__Bacteria,k__norank_d__Bacteria,p__Deinococcota,c__Deinococci,o__Deinococcales,f__Deinococcaceae,g__Deinococcus,s__Deinococcus_geothermalis_DSM_11300,ASV457,15,3.0E-5,0.08333
d__Bacteria,k__norank_d__Bacteria,p__Bacillota,c__Clostridia,o__Clostridiales,f__Clostridiaceae,g__Clostridium,s__unclassified_g__Clostridium,ASV784,15,3.0E-5,0.08333
d__Bacteria,k__norank_d__Bacteria,p__Bacteroidota,c__Bacteroidia,o__Bacteroidales,f__Porphyromonadaceae,g__Porphyromonas,s__Porphyromonas_catoniae,ASV184,9,2.0E-5,0.08333
d__Bacteria,k__norank_d__Bacteria,p__Pseudomonadota,c__Alphaproteobacteria,o__Caulobacterales,f__Caulobacteraceae,g__norank_f__Caulobacteraceae,s__unclassified_g__norank_f__Caulobacteraceae,ASV673,3,6.76682e-6,0.08333
d__Bacteria,k__norank_d__Bacteria,p__Actinomycetota,c__Actinobacteria,o__Propionibacteriales,f__Propionibacteriaceae,g__Cutibacterium,s__unclassified_g__Cutibacterium,ASV641,3,6.76682e-6,0.08333
d__Bacteria,k__norank_d__Bacteria,p__Pseudomonadota,c__Alphaproteobacteria,o__Hyphomicrobiales,f__Rhizobiaceae,g__Aureimonas,s__unclassified_g__Aureimonas,ASV786,3,6.76682e-6,0.08333
d__Bacteria,k__norank_d__Bacteria,p__Pseudomonadota,c__Gammaproteobacteria,o__Burkholderiales,f__Burkholderiaceae,g__Lautropia,s__unclassified_g__Lautropia,ASV190,2,4.51121e-6,0.08333
d__Bacteria,k__norank_d__Bacteria,p__Bacillota,c__Bacilli,o__Bacillales,f__Bacillaceae,g__Priestia,s__unclassified_g__Priestia,ASV746,2,4.51121e-6,0.08333
d__Bacteria,k__norank_d__Bacteria,p__Cyanobacteriota,c__Cyanobacteriia,o__Chloroplast,f__norank_o__Chloroplast,g__norank_o__Chloroplast,s__unclassified_g__norank_o__Chloroplast,ASV738,62,0.00014,0.08333
d__Bacteria,k__norank_d__Bacteria,p__Bacillota,c__Bacilli,o__Paenibacillales,f__Paenibacillaceae,g__Paenibacillus,s__unclassified_g__Paenibacillus,ASV542,50,0.00011,0.08333
d__Bacteria,k__norank_d__Bacteria,p__Pseudomonadota,c__Gammaproteobacteria,o__Burkholderiales,f__Comamonadaceae,g__unclassified_f__Comamonadaceae,s__unclassified_f__Comamonadaceae,ASV545,43,0.0001,0.08333
d__Bacteria,k__norank_d__Bacteria,p__Pseudomonadota,c__Gammaproteobacteria,o__Pseudomonadales,f__Moraxellaceae,g__Acinetobacter,s__unclassified_g__Acinetobacter,ASV669,46,0.0001,0.08333
d__Bacteria,k__norank_d__Bacteria,p__Bacillota,c__Bacilli,o__Staphylococcales,f__Staphylococcaceae,g__Staphylococcus,s__unclassified_g__Staphylococcus,ASV741,38,9.0E-5,0.08333
d__Bacteria,k__norank_d__Bacteria,p__Pseudomonadota,c__Alphaproteobacteria,o__Hyphomicrobiales,f__Beijerinckiaceae,g__Methylobacterium,s__unclassified_g__Methylobacterium,ASV779,40,9.0E-5,0.08333
d__Bacteria,k__norank_d__Bacteria,p__Bacteroidota,c__Bacteroidia,o__Flavobacteriales,f__Flavobacteriaceae,g__Capnocytophaga,s__Capnocytophaga_granulosa,ASV73,21,5.0E-5,0.08333
d__Bacteria,k__norank_d__Bacteria,p__Pseudomonadota,c__Gammaproteobacteria,o__Burkholderiales,f__Oxalobacteraceae,g__Noviherbaspirillum,s__unclassified_g__Noviherbaspirillum,ASV522,18,4.0E-5,0.08333
d__Bacteria,k__norank_d__Bacteria,p__Pseudomonadota,c__Gammaproteobacteria,o__Pseudomonadales,f__Spongiibacteraceae,g__BD1-7_clade,s__uncultured_bacterium_g__BD1-7_clade,ASV633,14,3.0E-5,0.08333
d__Bacteria,k__norank_d__Bacteria,p__Pseudomonadota,c__Gammaproteobacteria,o__Lysobacterales,f__Lysobacteraceae,g__Stenotrophomonas,s__unclassified_g__Stenotrophomonas,ASV372,4,9.02242e-6,0.08333
d__Bacteria,k__norank_d__Bacteria,p__Patescibacteria,c__Saccharimonadia,o__Saccharimonadales,f__LWQ8,g__norank_f__LWQ8,s__uncultured_bacterium_f__LWQ8,ASV376,3,6.76682e-6,0.08333
d__Bacteria,k__norank_d__Bacteria,p__Pseudomonadota,c__Gammaproteobacteria,o__Pseudomonadales,f__Pseudomonadaceae,g__Pseudomonas,s__unclassified_g__Pseudomonas,ASV699,40,9.0E-5,0.08333
d__Bacteria,k__norank_d__Bacteria,p__Pseudomonadota,c__Gammaproteobacteria,o__Burkholderiales,f__Burkholderiaceae,g__Burkholderia-Caballeronia-Paraburkholderia,s__unclassified_g__Burkholderia-Caballeronia-Paraburkholderia,ASV413,51,0.00012,0.08333
d__Bacteria,k__norank_d__Bacteria,p__Bacillota,c__Bacilli,o__Staphylococcales,f__Staphylococcaceae,g__Staphylococcus,s__unclassified_g__Staphylococcus,ASV415,43,0.0001,0.08333
d__Bacteria,k__norank_d__Bacteria,p__Actinomycetota,c__Actinobacteria,o__Micrococcales,f__Bogoriellaceae,g__Georgenia,s__unclassified_g__Georgenia,ASV313,38,9.0E-5,0.08333
d__Bacteria,k__norank_d__Bacteria,p__Pseudomonadota,c__Alphaproteobacteria,o__Hyphomicrobiales,f__Xanthobacteraceae,g__unclassified_f__Xanthobacteraceae,s__unclassified_f__Xanthobacteraceae,ASV546,34,8.0E-5,0.08333
d__Bacteria,k__norank_d__Bacteria,p__Bacteroidota,c__Bacteroidia,o__Flavobacteriales,f__Flavobacteriaceae,g__Capnocytophaga,s__Capnocytophaga_granulosa,ASV174,43,0.0001,0.08333
d__Bacteria,k__norank_d__Bacteria,p__Actinomycetota,c__Thermoleophilia,o__Solirubrobacterales,f__Solirubrobacteraceae,g__norank_f__Solirubrobacteraceae,s__Colobanthus_quitensis_f__Solirubrobacteraceae,ASV319,35,8.0E-5,0.08333
d__Bacteria,k__norank_d__Bacteria,p__Pseudomonadota,c__Alphaproteobacteria,o__Hyphomicrobiales,f__Beijerinckiaceae,g__Microvirga,s__unclassified_g__Microvirga,ASV620,38,9.0E-5,0.08333
d__Bacteria,k__norank_d__Bacteria,p__Actinomycetota,c__Acidimicrobiia,o__Microtrichales,f__norank_o__Microtrichales,g__norank_o__Microtrichales,s__uncultured_Actinomycetales_bacterium_o__Microtrichales,ASV322,36,8.0E-5,0.08333
d__Bacteria,k__norank_d__Bacteria,p__Bacteroidota,c__Bacteroidia,o__Flavobacteriales,f__Weeksellaceae,g__Chryseobacterium,s__unclassified_g__Chryseobacterium,ASV632,37,8.0E-5,0.16667
d__Bacteria,k__norank_d__Bacteria,p__Actinomycetota,c__Actinobacteria,o__Propionibacteriales,f__Nocardioidaceae,g__unclassified_f__Nocardioidaceae,s__unclassified_f__Nocardioidaceae,ASV338,23,5.0E-5,0.08333
d__Bacteria,k__norank_d__Bacteria,p__Pseudomonadota,c__Gammaproteobacteria,o__Lysobacterales,f__Lysobacteraceae,g__Silanimonas,s__Silanimonas_mangrovi_AK13,ASV630,19,4.0E-5,0.08333
d__Bacteria,k__norank_d__Bacteria,p__Pseudomonadota,c__Gammaproteobacteria,o__Burkholderiales,f__Oxalobacteraceae,g__Massilia,s__unclassified_g__Massilia,ASV781,21,5.0E-5,0.08333
d__Bacteria,k__norank_d__Bacteria,p__Pseudomonadota,c__Alphaproteobacteria,o__Hyphomicrobiales,f__Beijerinckiaceae,g__Enterovirga,s__uncultured_bacterium_g__Enterovirga,ASV349,17,4.0E-5,0.08333
d__Bacteria,k__norank_d__Bacteria,p__Bacteroidota,c__Bacteroidia,o__Flavobacteriales,f__Flavobacteriaceae,g__Capnocytophaga,s__unclassified_g__Capnocytophaga,ASV188,5,1.0E-5,0.08333
d__Bacteria,k__norank_d__Bacteria,p__Actinomycetota,c__Actinobacteria,o__Mycobacteriales,f__Nocardiaceae,g__Rhodococcus,s__unclassified_g__Rhodococcus,ASV187,6,1.0E-5,0.08333
d__Bacteria,k__norank_d__Bacteria,p__Actinomycetota,c__Acidimicrobiia,o__Acidimicrobiales,f__Acidimicrobiaceae,g__norank_f__Acidimicrobiaceae,s__unclassified_g__norank_f__Acidimicrobiaceae,ASV374,4,9.02242e-6,0.08333
d__Bacteria,k__norank_d__Bacteria,p__Pseudomonadota,c__Gammaproteobacteria,o__Burkholderiales,f__Oxalobacteraceae,g__Noviherbaspirillum,s__unclassified_g__Noviherbaspirillum,ASV377,3,6.76682e-6,0.08333
d__Bacteria,k__norank_d__Bacteria,p__Patescibacteria,c__Saccharimonadia,o__Saccharimonadales,f__norank_o__Saccharimonadales,g__norank_o__Saccharimonadales,s__unclassified_g__norank_o__Saccharimonadales,ASV375,4,9.02242e-6,0.08333
d__Bacteria,k__norank_d__Bacteria,p__Pseudomonadota,c__Gammaproteobacteria,o__Burkholderiales,f__Burkholderiaceae,g__Burkholderia-Caballeronia-Paraburkholderia,s__unclassified_g__Burkholderia-Caballeronia-Paraburkholderia,ASV449,46,0.0001,0.08333
d__Bacteria,k__norank_d__Bacteria,p__Actinomycetota,c__Thermoleophilia,o__Solirubrobacterales,f__67-14,g__norank_f__67-14,s__unclassified_g__norank_f__67-14,ASV305,43,0.0001,0.08333
d__Bacteria,k__norank_d__Bacteria,p__Pseudomonadota,c__Gammaproteobacteria,o__Pseudomonadales,f__Moraxellaceae,g__Acinetobacter,s__unclassified_g__Acinetobacter,ASV167,47,0.00011,0.08333
d__Bacteria,k__norank_d__Bacteria,p__Pseudomonadota,c__Gammaproteobacteria,o__Burkholderiales,f__Comamonadaceae,g__Aquabacterium,s__unclassified_g__Aquabacterium,ASV451,37,8.0E-5,0.08333
d__Bacteria,k__norank_d__Bacteria,p__Cyanobacteriota,c__Cyanobacteriia,o__Chloroplast,f__norank_o__Chloroplast,g__norank_o__Chloroplast,s__groundwater_metagenome_o__Chloroplast,ASV417,35,8.0E-5,0.08333
d__Bacteria,k__norank_d__Bacteria,p__Pseudomonadota,c__Gammaproteobacteria,o__Lysobacterales,f__Lysobacteraceae,g__Thermomonas,s__unclassified_g__Thermomonas,ASV340,20,5.0E-5,0.08333
d__Bacteria,k__norank_d__Bacteria,p__Pseudomonadota,c__Alphaproteobacteria,o__Hyphomicrobiales,f__Beijerinckiaceae,g__Methylobacterium,s__unclassified_g__Methylobacterium,ASV418,19,4.0E-5,0.08333
d__Bacteria,k__norank_d__Bacteria,p__Actinomycetota,c__Actinobacteria,o__Mycobacteriales,f__Corynebacteriaceae,g__Corynebacterium,s__Corynebacterium_doosanense_CAU_212_=_DSM_45436,ASV523,17,4.0E-5,0.08333
d__Bacteria,k__norank_d__Bacteria,p__Bacillota,c__Bacilli,o__Exiguobacterales,f__Exiguobacteraceae,g__Exiguobacterium,s__unclassified_g__Exiguobacterium,ASV782,20,5.0E-5,0.08333
d__Bacteria,k__norank_d__Bacteria,p__Bacteroidota,c__Bacteroidia,o__Chitinophagales,f__Chitinophagaceae,g__Flavitalea,s__unclassified_g__Flavitalea,ASV354,14,3.0E-5,0.08333
d__Bacteria,k__norank_d__Bacteria,p__Fusobacteriota,c__Fusobacteriia,o__Fusobacteriales,f__Leptotrichiaceae,g__Pseudoleptotrichia,s__unclassified_g__Pseudoleptotrichia,ASV525,15,3.0E-5,0.08333
d__Bacteria,k__norank_d__Bacteria,p__Pseudomonadota,c__Gammaproteobacteria,o__Lysobacterales,f__Lysobacteraceae,g__Xanthomonas,s__unclassified_g__Xanthomonas,ASV183,14,3.0E-5,0.08333
d__Bacteria,k__norank_d__Bacteria,p__unclassified_k__norank_d__Bacteria,c__unclassified_k__norank_d__Bacteria,o__unclassified_k__norank_d__Bacteria,f__unclassified_k__norank_d__Bacteria,g__unclassified_k__norank_d__Bacteria,s__unclassified_k__norank_d__Bacteria,ASV74,12,3.0E-5,0.08333
d__Bacteria,k__norank_d__Bacteria,p__Pseudomonadota,c__Alphaproteobacteria,o__Caulobacterales,f__Caulobacteraceae,g__Brevundimonas,s__unclassified_g__Brevundimonas,ASV365,8,2.0E-5,0.08333
d__Bacteria,k__norank_d__Bacteria,p__Pseudomonadota,c__Alphaproteobacteria,o__Sphingomonadales,f__Sphingomonadaceae,g__Sphingomonas,s__unclassified_g__Sphingomonas,ASV378,3,6.76682e-6,0.08333
d__Bacteria,k__norank_d__Bacteria,p__Pseudomonadota,c__Alphaproteobacteria,o__Rhodobacterales,f__Paracoccaceae,g__Paracoccus,s__unclassified_g__Paracoccus,ASV379,2,4.51121e-6,0.08333
d__Bacteria,k__norank_d__Bacteria,p__Pseudomonadota,c__Gammaproteobacteria,o__Pseudomonadales,f__Pseudomonadaceae,g__Pseudomonas,s__unclassified_g__Pseudomonas,ASV162,52,0.00012,0.08333
d__Bacteria,k__norank_d__Bacteria,p__Pseudomonadota,c__Alphaproteobacteria,o__Sphingomonadales,f__Sphingomonadaceae,g__unclassified_f__Sphingomonadaceae,s__unclassified_f__Sphingomonadaceae,ASV300,51,0.00012,0.08333
d__Bacteria,k__norank_d__Bacteria,p__Pseudomonadota,c__Alphaproteobacteria,o__Hyphomicrobiales,f__Beijerinckiaceae,g__Methylobacterium,s__unclassified_g__Methylobacterium,ASV702,38,9.0E-5,0.08333
d__Bacteria,k__norank_d__Bacteria,p__Patescibacteria,c__Saccharimonadia,o__Saccharimonadales,f__Saccharimonadaceae,g__TM7a,s__uncultured_bacterium_g__TM7a,ASV164,54,0.00012,0.08333
d__Bacteria,k__norank_d__Bacteria,p__Pseudomonadota,c__Alphaproteobacteria,o__Sphingomonadales,f__Sphingomonadaceae,g__Sphingomonas,s__unclassified_g__Sphingomonas,ASV453,29,7.0E-5,0.08333
d__Bacteria,k__norank_d__Bacteria,p__Pseudomonadota,c__Gammaproteobacteria,o__Lysobacterales,f__Lysobacteraceae,g__Stenotrophomonas,s__unclassified_g__Stenotrophomonas,ASV511,45,0.0001,0.08333
d__Bacteria,k__norank_d__Bacteria,p__Patescibacteria,c__ABY1,o__unclassified_c__ABY1,f__unclassified_c__ABY1,g__unclassified_c__ABY1,s__unclassified_c__ABY1,ASV173,36,8.0E-5,0.08333
d__Bacteria,k__norank_d__Bacteria,p__Pseudomonadota,c__Gammaproteobacteria,o__Burkholderiales,f__Comamonadaceae,g__Aquabacterium,s__unclassified_g__Aquabacterium,ASV71,28,6.0E-5,0.08333
d__Bacteria,k__norank_d__Bacteria,p__Pseudomonadota,c__Gammaproteobacteria,o__Pseudomonadales,f__Moraxellaceae,g__Acinetobacter,s__unclassified_g__Acinetobacter,ASV307,42,9.0E-5,0.08333
d__Bacteria,k__norank_d__Bacteria,p__Actinomycetota,c__Actinobacteria,o__Micrococcales,f__Micrococcaceae,g__Kocuria,s__unclassified_g__Kocuria,ASV320,33,7.0E-5,0.08333
d__Bacteria,k__norank_d__Bacteria,p__Verrucomicrobiota,c__Verrucomicrobiia,o__Opitutales,f__Opitutaceae,g__norank_f__Opitutaceae,s__metagenome_f__Opitutaceae,ASV321,34,8.0E-5,0.08333
d__Bacteria,k__norank_d__Bacteria,p__Deinococcota,c__Deinococci,o__Deinococcales,f__Deinococcaceae,g__Deinococcus,s__unclassified_g__Deinococcus,ASV180,34,8.0E-5,0.08333
d__Bacteria,k__norank_d__Bacteria,p__Pseudomonadota,c__Gammaproteobacteria,o__Burkholderiales,f__Oxalobacteraceae,g__Massilia,s__unclassified_g__Massilia,ASV171,38,9.0E-5,0.08333
d__Bacteria,k__norank_d__Bacteria,p__Bacillota,c__Clostridia,o__Peptostreptococcales-Tissierellales,f__Anaerovoracaceae,g__[Eubacterium]_sulci_group,s__Eubacterium_sulci_ATCC_35585,ASV178,36,8.0E-5,0.08333
d__Bacteria,k__norank_d__Bacteria,p__Pseudomonadota,c__Gammaproteobacteria,o__Pseudomonadales,f__Moraxellaceae,g__Acinetobacter,s__unclassified_g__Acinetobacter,ASV624,26,6.0E-5,0.08333
d__Bacteria,k__norank_d__Bacteria,p__Actinomycetota,c__Actinobacteria,o__Mycobacteriales,f__Corynebacteriaceae,g__Corynebacterium,s__unclassified_g__Corynebacterium,ASV672,30,7.0E-5,0.08333
d__Bacteria,k__norank_d__Bacteria,p__Actinomycetota,c__Actinobacteria,o__Propionibacteriales,f__Nocardioidaceae,g__Nocardioides,s__unclassified_g__Nocardioides,ASV631,21,5.0E-5,0.08333
d__Bacteria,k__norank_d__Bacteria,p__Pseudomonadota,c__Alphaproteobacteria,o__Sphingomonadales,f__Sphingomonadaceae,g__unclassified_f__Sphingomonadaceae,s__unclassified_f__Sphingomonadaceae,ASV339,20,5.0E-5,0.08333
d__Bacteria,k__norank_d__Bacteria,p__Pseudomonadota,c__Gammaproteobacteria,o__Burkholderiales,f__Burkholderiaceae,g__Burkholderia-Caballeronia-Paraburkholderia,s__unclassified_g__Burkholderia-Caballeronia-Paraburkholderia,ASV520,22,5.0E-5,0.08333
d__Bacteria,k__norank_d__Bacteria,p__Pseudomonadota,c__Gammaproteobacteria,o__Burkholderiales,f__Rhodocyclaceae,g__Methyloversatilis,s__unclassified_g__Methyloversatilis,ASV77,9,2.0E-5,0.08333
d__Bacteria,k__norank_d__Bacteria,p__Pseudomonadota,c__Alphaproteobacteria,o__Sphingomonadales,f__Sphingomonadaceae,g__Sphingomonas,s__unclassified_g__Sphingomonas,ASV423,3,6.76682e-6,0.08333
d__Bacteria,k__norank_d__Bacteria,p__Pseudomonadota,c__Alphaproteobacteria,o__Sphingomonadales,f__Sphingomonadaceae,g__Sphingomonas,s__unclassified_g__Sphingomonas,ASV454,29,7.0E-5,0.08333
d__Bacteria,k__norank_d__Bacteria,p__Pseudomonadota,c__Gammaproteobacteria,o__Burkholderiales,f__Comamonadaceae,g__Ramlibacter,s__unclassified_g__Ramlibacter,ASV356,14,3.0E-5,0.08333
d__Bacteria,k__norank_d__Bacteria,p__Pseudomonadota,c__Alphaproteobacteria,o__Hyphomicrobiales,f__Xanthobacteraceae,g__norank_f__Xanthobacteraceae,s__unclassified_g__norank_f__Xanthobacteraceae,ASV76,10,2.0E-5,0.08333
d__Bacteria,k__norank_d__Bacteria,p__Pseudomonadota,c__Gammaproteobacteria,o__Burkholderiales,f__Neisseriaceae,g__norank_f__Neisseriaceae,s__uncultured_bacterium_f__Neisseriaceae,ASV518,25,6.0E-5,0.08333
d__Bacteria,k__norank_d__Bacteria,p__Actinomycetota,c__Actinobacteria,o__Micrococcales,f__Microbacteriaceae,g__Agrococcus,s__unclassified_g__Agrococcus,ASV369,8,2.0E-5,0.08333
d__Bacteria,k__norank_d__Bacteria,p__Pseudomonadota,c__Alphaproteobacteria,o__Hyphomicrobiales,f__Beijerinckiaceae,g__Methylocella,s__uncultured_bacterium_g__Methylocella,ASV185,23,5.0E-5,0.16667
d__Bacteria,k__norank_d__Bacteria,p__Actinomycetota,c__Actinobacteria,o__Propionibacteriales,f__Nocardioidaceae,g__Nocardioides,s__unclassified_g__Nocardioides,ASV640,4,9.02242e-6,0.08333
d__Bacteria,k__norank_d__Bacteria,p__Pseudomonadota,c__Gammaproteobacteria,o__Pseudomonadales,f__Pseudomonadaceae,g__Pseudomonas,s__unclassified_g__Pseudomonas,ASV634,11,2.0E-5,0.08333
d__Bacteria,k__norank_d__Bacteria,p__Patescibacteria,c__Saccharimonadia,o__Saccharimonadales,f__norank_o__Saccharimonadales,g__norank_o__Saccharimonadales,s__unclassified_g__norank_o__Saccharimonadales,ASV360,12,3.0E-5,0.08333
d__Bacteria,k__norank_d__Bacteria,p__Chloroflexota,c__Anaerolineae,o__Aggregatilineales,f__A4b,g__norank_f__A4b,s__unclassified_g__norank_f__A4b,ASV526,6,1.0E-5,0.08333
d__Bacteria,k__norank_d__Bacteria,p__Chloroflexota,c__Gitt-GS-136,o__norank_c__Gitt-GS-136,f__norank_c__Gitt-GS-136,g__norank_c__Gitt-GS-136,s__uncultured_Anaerolineae_bacterium_c__Gitt-GS-136,ASV371,6,1.0E-5,0.08333
d__Bacteria,k__norank_d__Bacteria,p__Pseudomonadota,c__Alphaproteobacteria,o__Sphingomonadales,f__Sphingomonadaceae,g__unclassified_f__Sphingomonadaceae,s__unclassified_f__Sphingomonadaceae,ASV308,37,8.0E-5,0.08333
d__Bacteria,k__norank_d__Bacteria,p__Acidobacteriota,c__Vicinamibacteria,o__Vicinamibacterales,f__norank_o__Vicinamibacterales,g__norank_o__Vicinamibacterales,s__unclassified_g__norank_o__Vicinamibacterales,ASV611,52,0.00012,0.08333
d__Bacteria,k__norank_d__Bacteria,p__Campylobacterota,c__Campylobacteria,o__Campylobacterales,f__Arcobacteraceae,g__Arcobacter,s__Arcobacter_suis_CECT_7833,ASV617,46,0.0001,0.08333
d__Bacteria,k__norank_d__Bacteria,p__Pseudomonadota,c__Alphaproteobacteria,o__Acetobacterales,f__Acetobacteraceae,g__Acidisoma,s__unclassified_g__Acidisoma,ASV621,35,8.0E-5,0.08333
d__Bacteria,k__norank_d__Bacteria,p__Pseudomonadota,c__Gammaproteobacteria,o__Pseudomonadales,f__Moraxellaceae,g__Acinetobacter,s__unclassified_g__Acinetobacter,ASV742,41,9.0E-5,0.08333
d__Bacteria,k__norank_d__Bacteria,p__Pseudomonadota,c__Gammaproteobacteria,o__Burkholderiales,f__Oxalobacteraceae,g__Janthinobacterium,s__unclassified_g__Janthinobacterium,ASV70,35,8.0E-5,0.08333
d__Bacteria,k__norank_d__Bacteria,p__Pseudomonadota,c__Alphaproteobacteria,o__Rhodobacterales,f__Paracoccaceae,g__Paracoccus,s__unclassified_g__Paracoccus,ASV329,29,7.0E-5,0.08333
d__Bacteria,k__norank_d__Bacteria,p__Pseudomonadota,c__Gammaproteobacteria,o__Burkholderiales,f__Comamonadaceae,g__Aquabacterium,s__unclassified_g__Aquabacterium,ASV625,26,6.0E-5,0.08333
d__Bacteria,k__norank_d__Bacteria,p__Pseudomonadota,c__Gammaproteobacteria,o__Pseudomonadales,f__Moraxellaceae,g__Acinetobacter,s__unclassified_g__Acinetobacter,ASV780,28,6.0E-5,0.08333
d__Bacteria,k__norank_d__Bacteria,p__Pseudomonadota,c__Alphaproteobacteria,o__Sphingomonadales,f__Sphingomonadaceae,g__unclassified_f__Sphingomonadaceae,s__unclassified_f__Sphingomonadaceae,ASV337,20,5.0E-5,0.08333
d__Bacteria,k__norank_d__Bacteria,p__Actinomycetota,c__Actinobacteria,o__Propionibacteriales,f__Nocardioidaceae,g__Nocardioides,s__unclassified_g__Nocardioides,ASV348,15,3.0E-5,0.08333
d__Bacteria,k__norank_d__Bacteria,p__Bdellovibrionota,c__Oligoflexia,o__0319-6G20,f__norank_o__0319-6G20,g__norank_o__0319-6G20,s__bacterium_enrichment_culture_clone_B126(2011),ASV359,13,3.0E-5,0.08333
d__Bacteria,k__norank_d__Bacteria,p__Pseudomonadota,c__Gammaproteobacteria,o__Burkholderiales,f__Oxalobacteraceae,g__Massilia,s__unclassified_g__Massilia,ASV421,13,3.0E-5,0.08333
d__Bacteria,k__norank_d__Bacteria,p__Bacillota,c__Bacilli,o__Bacillales,f__Bacillaceae,g__Bacillus,s__Bacillus_ginsengihumi,ASV636,8,2.0E-5,0.08333
d__Bacteria,k__norank_d__Bacteria,p__Pseudomonadota,c__Alphaproteobacteria,o__Sphingomonadales,f__Sphingomonadaceae,g__DSSF69,s__Hankyongella_aquatica,ASV368,7,2.0E-5,0.08333
d__Bacteria,k__norank_d__Bacteria,p__Acidobacteriota,c__Acidobacteriae,o__Bryobacterales,f__Bryobacteraceae,g__Bryobacter,s__uncultivated_soil_bacterium_clone_C002,ASV450,50,0.00011,0.08333
d__Bacteria,k__norank_d__Bacteria,p__Pseudomonadota,c__Alphaproteobacteria,o__Sphingomonadales,f__Sphingomonadaceae,g__unclassified_f__Sphingomonadaceae,s__unclassified_f__Sphingomonadaceae,ASV668,50,0.00011,0.08333
d__Bacteria,k__norank_d__Bacteria,p__Pseudomonadota,c__Gammaproteobacteria,o__Burkholderiales,f__Comamonadaceae,g__Paucibacter,s__unclassified_g__Paucibacter,ASV619,33,7.0E-5,0.08333
d__Bacteria,k__norank_d__Bacteria,p__Nitrospirota,c__Nitrospiria,o__Nitrospirales,f__Nitrospiraceae,g__Nitrospira,s__unclassified_g__Nitrospira,ASV671,38,9.0E-5,0.08333
d__Bacteria,k__norank_d__Bacteria,p__Bacillota,c__Clostridia,o__Lachnospirales,f__Lachnospiraceae,g__Roseburia,s__uncultured_bacterium_g__Roseburia,ASV514,31,7.0E-5,0.08333
d__Bacteria,k__norank_d__Bacteria,p__Pseudomonadota,c__Gammaproteobacteria,o__Pseudomonadales,f__Moraxellaceae,g__Acinetobacter,s__unclassified_g__Acinetobacter,ASV516,33,7.0E-5,0.08333
d__Bacteria,k__norank_d__Bacteria,p__Chloroflexota,c__Chloroflexia,o__Thermomicrobiales,f__JG30-KF-CM45,g__norank_f__JG30-KF-CM45,s__uncultured_bacterium_f__JG30-KF-CM45,ASV330,27,6.0E-5,0.08333
d__Bacteria,k__norank_d__Bacteria,p__Bacteroidota,c__Bacteroidia,o__Flavobacteriales,f__Weeksellaceae,g__Cloacibacterium,s__unclassified_g__Cloacibacterium,ASV346,16,4.0E-5,0.08333
d__Bacteria,k__norank_d__Bacteria,p__Pseudomonadota,c__Alphaproteobacteria,o__Sphingomonadales,f__Sphingomonadaceae,g__Sphingomonas,s__unclassified_g__Sphingomonas,ASV456,20,5.0E-5,0.08333
d__Bacteria,k__norank_d__Bacteria,p__Pseudomonadota,c__Gammaproteobacteria,o__Lysobacterales,f__Lysobacteraceae,g__Lysobacter,s__unclassified_g__Lysobacter,ASV355,11,2.0E-5,0.08333
d__Bacteria,k__norank_d__Bacteria,p__Pseudomonadota,c__Alphaproteobacteria,o__Micavibrionales,f__norank_o__Micavibrionales,g__norank_o__Micavibrionales,s__uncultured_gamma_proteobacterium_o__Micavibrionales,ASV363,9,2.0E-5,0.08333
d__Bacteria,k__norank_d__Bacteria,p__Pseudomonadota,c__Alphaproteobacteria,o__Hyphomicrobiales,f__Rhizobiaceae,g__Mesorhizobium,s__unclassified_g__Mesorhizobium,ASV370,4,9.02242e-6,0.08333
d__Bacteria,k__norank_d__Bacteria,p__Actinomycetota,c__Acidimicrobiia,o__Actinomarinales,f__norank_o__Actinomarinales,g__norank_o__Actinomarinales,s__unclassified_g__norank_o__Actinomarinales,ASV638,5,1.0E-5,0.08333
d__Bacteria,k__norank_d__Bacteria,p__Bacillota,c__Clostridia,o__Peptostreptococcales-Tissierellales,f__Peptostreptococcaceae,g__Peptostreptococcus,s__unclassified_g__Peptostreptococcus,ASV161,52,0.00012,0.08333
d__Bacteria,k__norank_d__Bacteria,p__Bacillota,c__Clostridia,o__Lachnospirales,f__Lachnospiraceae,g__Johnsonella,s__Johnsonella_ignava_ATCC_51276,ASV166,47,0.00011,0.08333
d__Bacteria,k__norank_d__Bacteria,p__Pseudomonadota,c__Alphaproteobacteria,o__Sphingomonadales,f__Sphingomonadaceae,g__Blastomonas,s__unclassified_g__Blastomonas,ASV512,44,0.0001,0.08333
d__Bacteria,k__norank_d__Bacteria,p__Pseudomonadota,c__Alphaproteobacteria,o__Rickettsiales,f__Mitochondria,g__norank_f__Mitochondria,s__unclassified_g__norank_f__Mitochondria,ASV169,50,0.00011,0.08333
d__Bacteria,k__norank_d__Bacteria,p__Bacteroidota,c__Bacteroidia,o__Bacteroidales,f__Prevotellaceae,g__Prevotella,s__Prevotella_jejuni,ASV309,40,9.0E-5,0.08333
d__Bacteria,k__norank_d__Bacteria,p__Pseudomonadota,c__Alphaproteobacteria,o__Caulobacterales,f__Caulobacteraceae,g__Caulobacter,s__unclassified_g__Caulobacter,ASV615,39,9.0E-5,0.08333
d__Bacteria,k__norank_d__Bacteria,p__Pseudomonadota,c__Alphaproteobacteria,o__Hyphomicrobiales,f__Beijerinckiaceae,g__Methylobacterium,s__unclassified_g__Methylobacterium,ASV172,41,9.0E-5,0.08333
d__Bacteria,k__norank_d__Bacteria,p__Pseudomonadota,c__Alphaproteobacteria,o__Reyranellales,f__Reyranellaceae,g__Reyranella,s__unclassified_g__Reyranella,ASV515,32,7.0E-5,0.08333
d__Bacteria,k__norank_d__Bacteria,p__Pseudomonadota,c__Gammaproteobacteria,o__Burkholderiales,f__Comamonadaceae,g__Aquabacterium,s__unclassified_g__Aquabacterium,ASV705,26,6.0E-5,0.08333
d__Bacteria,k__norank_d__Bacteria,p__Gemmatimonadota,c__Longimicrobiia,o__Longimicrobiales,f__Longimicrobiaceae,g__Longimicrobium,s__uncultured_bacterium_g__Longimicrobium,ASV334,24,5.0E-5,0.08333
d__Bacteria,k__norank_d__Bacteria,p__Actinomycetota,c__Actinobacteria,o__Micrococcales,f__Micrococcaceae,g__Glutamicibacter,s__unclassified_g__Glutamicibacter,ASV335,24,5.0E-5,0.08333
d__Bacteria,k__norank_d__Bacteria,p__Pseudomonadota,c__Gammaproteobacteria,o__Burkholderiales,f__Alcaligenaceae,g__unclassified_f__Alcaligenaceae,s__unclassified_f__Alcaligenaceae,ASV550,26,6.0E-5,0.08333
d__Bacteria,k__norank_d__Bacteria,p__Actinomycetota,c__Actinobacteria,o__Micrococcales,f__Cellulomonadaceae,g__unclassified_f__Cellulomonadaceae,s__unclassified_f__Cellulomonadaceae,ASV343,21,5.0E-5,0.08333
d__Bacteria,k__norank_d__Bacteria,p__Pseudomonadota,c__Alphaproteobacteria,o__Hyphomicrobiales,f__Beijerinckiaceae,g__Methylobacterium,s__unclassified_g__Methylobacterium,ASV744,21,5.0E-5,0.08333
d__Bacteria,k__norank_d__Bacteria,p__Actinomycetota,c__Actinobacteria,o__Actinomycetales,f__Actinomycetaceae,g__Schaalia,s__unclassified_g__Schaalia,ASV362,12,3.0E-5,0.08333
d__Bacteria,k__norank_d__Bacteria,p__Actinomycetota,c__Actinobacteria,o__Micrococcales,f__Microbacteriaceae,g__Microbacterium,s__unclassified_g__Microbacterium,ASV706,9,2.0E-5,0.08333
d__Bacteria,k__norank_d__Bacteria,p__Patescibacteria,c__Saccharimonadia,o__Saccharimonadales,f__unclassified_o__Saccharimonadales,g__unclassified_o__Saccharimonadales,s__unclassified_o__Saccharimonadales,ASV364,7,2.0E-5,0.08333
d__Bacteria,k__norank_d__Bacteria,p__Pseudomonadota,c__Alphaproteobacteria,o__Sphingomonadales,f__Sphingomonadaceae,g__Sphingobium,s__unclassified_g__Sphingobium,ASV544,41,9.0E-5,0.08333
d__Bacteria,k__norank_d__Bacteria,p__Pseudomonadota,c__Gammaproteobacteria,o__Pseudomonadales,f__Pseudomonadaceae,g__Pseudomonas,s__unclassified_g__Pseudomonas,ASV701,31,7.0E-5,0.08333
d__Bacteria,k__norank_d__Bacteria,p__unclassified_k__norank_d__Bacteria,c__unclassified_k__norank_d__Bacteria,o__unclassified_k__norank_d__Bacteria,f__unclassified_k__norank_d__Bacteria,g__unclassified_k__norank_d__Bacteria,s__unclassified_k__norank_d__Bacteria,ASV703,27,6.0E-5,0.08333
d__Bacteria,k__norank_d__Bacteria,p__Pseudomonadota,c__Alphaproteobacteria,o__Sphingomonadales,f__Sphingomonadaceae,g__Sphingomonas,s__unclassified_g__Sphingomonas,ASV627,23,5.0E-5,0.08333
d__Bacteria,k__norank_d__Bacteria,p__Pseudomonadota,c__Alphaproteobacteria,o__Sphingomonadales,f__Sphingomonadaceae,g__Sphingomonas,s__unclassified_g__Sphingomonas,ASV336,18,4.0E-5,0.08333
d__Bacteria,k__norank_d__Bacteria,p__Pseudomonadota,c__Gammaproteobacteria,o__Enterobacterales,f__Shewanellaceae,g__Shewanella,s__unclassified_g__Shewanella,ASV351,15,3.0E-5,0.08333
d__Bacteria,k__norank_d__Bacteria,p__Patescibacteria,c__Parcubacteria,o__Candidatus_Kaiserbacteria,f__norank_o__Candidatus_Kaiserbacteria,g__norank_o__Candidatus_Kaiserbacteria,s__uncultured_organism_o__Candidatus_Kaiserbacteria,ASV367,7,2.0E-5,0.08333
d__Bacteria,k__norank_d__Bacteria,p__Actinomycetota,c__Actinobacteria,o__Propionibacteriales,f__Nocardioidaceae,g__Nocardioides,s__Nocardioides_sp._AP3,ASV459,5,1.0E-5,0.08333
d__Bacteria,k__norank_d__Bacteria,p__Pseudomonadota,c__Gammaproteobacteria,o__Lysobacterales,f__Lysobacteraceae,g__Xanthomonas,s__unclassified_g__Xanthomonas,ASV189,2,4.51121e-6,0.08333
d__Bacteria,k__norank_d__Bacteria,p__Pseudomonadota,c__Alphaproteobacteria,o__Caulobacterales,f__Caulobacteraceae,g__Brevundimonas,s__unclassified_g__Brevundimonas,ASV311,40,9.0E-5,0.08333
d__Bacteria,k__norank_d__Bacteria,p__Pseudomonadota,c__Gammaproteobacteria,o__Pseudomonadales,f__Moraxellaceae,g__Acinetobacter,s__unclassified_g__Acinetobacter,ASV547,42,9.0E-5,0.08333
d__Bacteria,k__norank_d__Bacteria,p__Bacteroidota,c__Bacteroidia,o__Flavobacteriales,f__Weeksellaceae,g__Chryseobacterium,s__unclassified_g__Chryseobacterium,ASV740,43,0.0001,0.08333
d__Bacteria,k__norank_d__Bacteria,p__Bacteroidota,c__Bacteroidia,o__Bacteroidales,f__Prevotellaceae,g__Prevotella,s__Prevotella_pallens,ASV326,35,8.0E-5,0.08333
d__Bacteria,k__norank_d__Bacteria,p__Pseudomonadota,c__Gammaproteobacteria,o__Enterobacterales,f__Aeromonadaceae,g__Pseudaeromonas,s__uncultured_bacterium_g__Pseudaeromonas,ASV327,26,6.0E-5,0.08333
d__Bacteria,k__norank_d__Bacteria,p__Bacteroidota,c__Bacteroidia,o__Flavobacteriales,f__Weeksellaceae,g__Cloacibacterium,s__unclassified_g__Cloacibacterium,ASV623,27,6.0E-5,0.08333
d__Bacteria,k__norank_d__Bacteria,p__Actinomycetota,c__Actinobacteria,o__Micrococcales,f__Micrococcaceae,g__Glutamicibacter,s__unclassified_g__Glutamicibacter,ASV519,24,5.0E-5,0.08333
d__Bacteria,k__norank_d__Bacteria,p__Pseudomonadota,c__Alphaproteobacteria,o__Azospirillales,f__Azospirillaceae,g__Skermanella,s__unclassified_g__Skermanella,ASV344,16,4.0E-5,0.08333
d__Bacteria,k__norank_d__Bacteria,p__Bacteroidota,c__Bacteroidia,o__Flavobacteriales,f__Flavobacteriaceae,g__Capnocytophaga,s__Capnocytophaga_sp._ChDC_OS43,ASV182,14,3.0E-5,0.08333
d__Bacteria,k__norank_d__Bacteria,p__Acidobacteriota,c__Blastocatellia,o__Blastocatellales,f__Blastocatellaceae,g__norank_f__Blastocatellaceae,s__unclassified_g__norank_f__Blastocatellaceae,ASV458,14,3.0E-5,0.08333
d__Bacteria,k__norank_d__Bacteria,p__Pseudomonadota,c__Gammaproteobacteria,o__unclassified_c__Gammaproteobacteria,f__unclassified_c__Gammaproteobacteria,g__unclassified_c__Gammaproteobacteria,s__unclassified_c__Gammaproteobacteria,ASV637,7,2.0E-5,0.08333
d__Bacteria,k__norank_d__Bacteria,p__Pseudomonadota,c__Gammaproteobacteria,o__Pseudomonadales,f__Moraxellaceae,g__Acinetobacter,s__unclassified_g__Acinetobacter,ASV448,52,0.00012,0.08333
d__Bacteria,k__norank_d__Bacteria,p__Pseudomonadota,c__Alphaproteobacteria,o__Micavibrionales,f__norank_o__Micavibrionales,g__norank_o__Micavibrionales,s__uncultured_gamma_proteobacterium_o__Micavibrionales,ASV302,48,0.00011,0.08333
d__Bacteria,k__norank_d__Bacteria,p__Pseudomonadota,c__Gammaproteobacteria,o__Burkholderiales,f__Oxalobacteraceae,g__Noviherbaspirillum,s__unclassified_g__Noviherbaspirillum,ASV303,49,0.00011,0.08333
d__Bacteria,k__norank_d__Bacteria,p__Pseudomonadota,c__Alphaproteobacteria,o__Rhodobacterales,f__Paracoccaceae,g__Paracoccus,s__unclassified_g__Paracoccus,ASV304,37,8.0E-5,0.08333
d__Bacteria,k__norank_d__Bacteria,p__Patescibacteria,c__Saccharimonadia,o__Saccharimonadales,f__LWQ8,g__norank_f__LWQ8,s__uncultured_bacterium_f__LWQ8,ASV312,36,8.0E-5,0.08333
d__Bacteria,k__norank_d__Bacteria,p__Pseudomonadota,c__Alphaproteobacteria,o__Sphingomonadales,f__Sphingomonadaceae,g__Sphingomonas,s__unclassified_g__Sphingomonas,ASV416,39,9.0E-5,0.08333
d__Bacteria,k__norank_d__Bacteria,p__Pseudomonadota,c__Alphaproteobacteria,o__Sphingomonadales,f__Sphingomonadaceae,g__Sphingomonas,s__unclassified_g__Sphingomonas,ASV68,41,9.0E-5,0.08333
d__Bacteria,k__norank_d__Bacteria,p__Verrucomicrobiota,c__Verrucomicrobiia,o__Pedosphaerales,f__Pedosphaeraceae,g__norank_f__Pedosphaeraceae,s__unclassified_g__norank_f__Pedosphaeraceae,ASV314,34,8.0E-5,0.08333
d__Bacteria,k__norank_d__Bacteria,p__Pseudomonadota,c__Gammaproteobacteria,o__Pseudomonadales,f__Moraxellaceae,g__Acinetobacter,s__unclassified_g__Acinetobacter,ASV739,42,9.0E-5,0.08333
d__Bacteria,k__norank_d__Bacteria,p__Pseudomonadota,c__Alphaproteobacteria,o__Sphingomonadales,f__Sphingomonadaceae,g__Sphingomonas,s__unclassified_g__Sphingomonas,ASV318,32,7.0E-5,0.08333
d__Bacteria,k__norank_d__Bacteria,p__Planctomycetota,c__vadinHA49,o__norank_c__vadinHA49,f__norank_c__vadinHA49,g__norank_c__vadinHA49,s__uncultured_organism_c__vadinHA49,ASV622,33,7.0E-5,0.08333
d__Bacteria,k__norank_d__Bacteria,p__Pseudomonadota,c__Alphaproteobacteria,o__Sphingomonadales,f__Sphingomonadaceae,g__Novosphingobium,s__unclassified_g__Novosphingobium,ASV179,31,7.0E-5,0.08333
d__Bacteria,k__norank_d__Bacteria,p__Pseudomonadota,c__Alphaproteobacteria,o__Sphingomonadales,f__Sphingomonadaceae,g__Sphingomonas,s__unclassified_g__Sphingomonas,ASV626,27,6.0E-5,0.08333
d__Bacteria,k__norank_d__Bacteria,p__Pseudomonadota,c__Alphaproteobacteria,o__Sphingomonadales,f__Sphingomonadaceae,g__Sphingomonas,s__unclassified_g__Sphingomonas,ASV333,21,5.0E-5,0.08333
d__Bacteria,k__norank_d__Bacteria,p__Pseudomonadota,c__Gammaproteobacteria,o__Burkholderiales,f__SC-I-84,g__norank_f__SC-I-84,s__unclassified_g__norank_f__SC-I-84,ASV628,24,5.0E-5,0.08333
d__Bacteria,k__norank_d__Bacteria,p__Acidobacteriota,c__Vicinamibacteria,o__Vicinamibacterales,f__norank_o__Vicinamibacterales,g__norank_o__Vicinamibacterales,s__uncultured_bacterium_o__Vicinamibacterales,ASV341,16,4.0E-5,0.08333
d__Bacteria,k__norank_d__Bacteria,p__Pseudomonadota,c__Gammaproteobacteria,o__Burkholderiales,f__Comamonadaceae,g__Rhizobacter,s__unclassified_g__Rhizobacter,ASV347,17,4.0E-5,0.08333
d__Bacteria,k__norank_d__Bacteria,p__Pseudomonadota,c__Alphaproteobacteria,o__Hyphomicrobiales,f__Beijerinckiaceae,g__Bosea,s__unclassified_g__Bosea,ASV420,18,4.0E-5,0.08333
d__Bacteria,k__norank_d__Bacteria,p__Actinomycetota,c__Actinobacteria,o__Propionibacteriales,f__Nocardioidaceae,g__Nocardioides,s__Nocardioides_sp._AP3,ASV357,11,2.0E-5,0.08333
d__Bacteria,k__norank_d__Bacteria,p__Pseudomonadota,c__Gammaproteobacteria,o__Pseudomonadales,f__Pseudomonadaceae,g__Pseudomonas,s__unclassified_g__Pseudomonas,ASV358,12,3.0E-5,0.08333
d__Bacteria,k__norank_d__Bacteria,p__Planctomycetota,c__Planctomycetes,o__Planctomycetales,f__norank_o__Planctomycetales,g__norank_o__Planctomycetales,s__metagenome_o__Planctomycetales,ASV707,5,1.0E-5,0.08333
d__Bacteria,k__norank_d__Bacteria,p__Myxococcota,c__Polyangiia,o__mle1-27,f__norank_o__mle1-27,g__norank_o__mle1-27,s__unclassified_g__norank_o__mle1-27,ASV745,7,2.0E-5,0.08333
d__Bacteria,k__norank_d__Bacteria,p__Pseudomonadota,c__Alphaproteobacteria,o__Sphingomonadales,f__Sphingomonadaceae,g__Sphingobium,s__unclassified_g__Sphingobium,ASV639,6,1.0E-5,0.08333
d__Bacteria,k__norank_d__Bacteria,p__Pseudomonadota,c__Alphaproteobacteria,o__Hyphomicrobiales,f__Beijerinckiaceae,g__unclassified_f__Beijerinckiaceae,s__unclassified_f__Beijerinckiaceae,ASV613,43,0.0001,0.08333
d__Bacteria,k__norank_d__Bacteria,p__Pseudomonadota,c__Alphaproteobacteria,o__Hyphomicrobiales,f__Beijerinckiaceae,g__Methylobacterium,s__Methylobacterium_variabile,ASV700,36,8.0E-5,0.08333
d__Bacteria,k__norank_d__Bacteria,p__Fusobacteriota,c__Fusobacteriia,o__Fusobacteriales,f__Leptotrichiaceae,g__Pseudoleptotrichia,s__uncultured_bacterium_g__Pseudoleptotrichia,ASV177,36,8.0E-5,0.08333
d__Bacteria,k__norank_d__Bacteria,p__Actinomycetota,c__Actinobacteria,o__Frankiales,f__Geodermatophilaceae,g__Blastococcus,s__unclassified_g__Blastococcus,ASV328,32,7.0E-5,0.08333
d__Bacteria,k__norank_d__Bacteria,p__Pseudomonadota,c__Gammaproteobacteria,o__Burkholderiales,f__Rhodocyclaceae,g__Dechloromonas,s__unclassified_g__Dechloromonas,ASV521,20,5.0E-5,0.08333
d__Bacteria,k__norank_d__Bacteria,p__Pseudomonadota,c__Alphaproteobacteria,o__Hyphomicrobiales,f__Beijerinckiaceae,g__Methylobacterium,s__unclassified_g__Methylobacterium,ASV783,20,5.0E-5,0.08333
d__Bacteria,k__norank_d__Bacteria,p__Pseudomonadota,c__Gammaproteobacteria,o__Burkholderiales,f__Comamonadaceae,g__Aquabacterium,s__Aquabacterium_citratiphilum,ASV352,14,3.0E-5,0.08333
d__Bacteria,k__norank_d__Bacteria,p__Deinococcota,c__Deinococci,o__Deinococcales,f__Deinococcaceae,g__Deinococcus,s__unclassified_g__Deinococcus,ASV353,12,3.0E-5,0.08333
d__Bacteria,k__norank_d__Bacteria,p__Pseudomonadota,c__Alphaproteobacteria,o__Sphingomonadales,f__Sphingomonadaceae,g__unclassified_f__Sphingomonadaceae,s__unclassified_f__Sphingomonadaceae,ASV785,13,3.0E-5,0.08333
d__Bacteria,k__norank_d__Bacteria,p__Bdellovibrionota,c__Oligoflexia,o__Silvanigrellales,f__Silvanigrellaceae,g__norank_f__Silvanigrellaceae,s__uncultured_bacterium_f__Silvanigrellaceae,ASV79,4,9.02242e-6,0.08333
d__Bacteria,k__norank_d__Bacteria,p__Pseudomonadota,c__Alphaproteobacteria,o__Rickettsiales,f__Mitochondria,g__norank_f__Mitochondria,s__Juniperus_virginiana_f__Mitochondria,ASV422,2,4.51121e-6,0.08333
d__Bacteria,k__norank_d__Bacteria,p__Pseudomonadota,c__Alphaproteobacteria,o__Sphingomonadales,f__Sphingomonadaceae,g__Sphingomonas,s__unclassified_g__Sphingomonas,ASV643,2,4.51121e-6,0.08333
